Account,Date,Description,Amount,Type,ChaseBalance,Category,Group,Confidence,Note
Checking ...0861,08/31/2026,CHECK 287,-500.0,CHECK_PAID,643.99,Others,Expenses,R,Paper check - payee not shown on the statement; please tell me who checks were written to
Checking ...0861,08/31/2026,TARGET T-0680 HENDERSON NV                   08/31,-31.46,DEBIT_CARD,1143.99,Shop - Others,Expenses,D,
Checking ...0861,08/31/2026,TARGET T-0680 HENDERSON NV                   08/31,-37.59,DEBIT_CARD,1175.45,Shop - Others,Expenses,D,
Checking ...0861,08/31/2026,Taptap Send New York NY                      08/31,-330.0,DEBIT_CARD,1213.04,Remittance - others,Expenses,R,"Remittance app transfer - recipient not shown; please tell me if this is Aron, Aron's tuition, or someone else"
Checking ...0861,08/31/2026,AMAZON MARKETPLA INTERNET   043000094110624 WEB ID: 9049016352,-7.58,ACH_DEBIT,1543.04,Shop - Amazon,Expenses,H,
Checking ...0861,08/31/2026,AMAZON MARKETPLA INTERNET   043000094103452 WEB ID: 9049016352,-14.36,ACH_DEBIT,1550.62,Shop - Amazon,Expenses,H,
Checking ...0861,08/31/2026,AMAZON MARKETPLA INTERNET   043000094057250 WEB ID: 9049016352,-32.5,ACH_DEBIT,1564.98,Shop - Amazon,Expenses,H,
Checking ...0861,08/31/2026,AMAZON MARKETPLA INTERNET   043000094173468 WEB ID: 9049016352,-34.67,ACH_DEBIT,1597.48,Shop - Amazon,Expenses,H,
Checking ...0861,08/31/2026,AMAZON MARKETPLA INTERNET   043000094158962 WEB ID: 9049016352,-52.71,ACH_DEBIT,1632.15,Shop - Amazon,Expenses,H,
Checking ...0861,08/31/2026,AMAZON MARKETPLA INTERNET   043000094138568 WEB ID: 9049016352,-58.4,ACH_DEBIT,1684.86,Shop - Amazon,Expenses,H,
Checking ...0861,08/31/2026,Taptap Send New York NY                      08/31,-178.57,DEBIT_CARD,1743.26,Remittance - others,Expenses,R,"Remittance app transfer - recipient not shown; please tell me if this is Aron, Aron's tuition, or someone else"
Checking ...0861,08/31/2026,IKEA LAS VEGAS RESTAUR LAS VEGAS NV  419841  08/30,-45.14,DEBIT_CARD,1921.83,Food - Eat Out,Expenses,D,Restaurant/fast-food - defaulted to Eat Out; move to Food - Ailynn/Chris/Misc if you know whose order it was
Checking ...0861,08/31/2026,SQ *BK BAKERY LLC Las Vegas NV               08/30,-60.04,DEBIT_CARD,1966.97,Food - Eat Out,Expenses,D,Restaurant/fast-food - defaulted to Eat Out; move to Food - Ailynn/Chris/Misc if you know whose order it was
Checking ...0861,08/31/2026,GIV*FIRST PRESBY 831-4227811 CA              08/30,-20.0,DEBIT_CARD,2027.01,Others,Expenses,H,"Recurring $20 church/charitable giving - no matching category in your list, put under Others"
Checking ...0861,08/31/2026,EXCALIBUR HTL SELFPARK LAS VEGAS NV          08/30,-25.0,DEBIT_CARD,2047.01,For Car,Expenses,D,"Parking charge, defaulted to For Car"
Checking ...0861,08/31/2026,PAN ASIAN EXPRESS MGM 702-5970131 NV         08/29,-117.91,DEBIT_CARD,2072.01,Food - Eat Out,Expenses,D,Restaurant/fast-food - defaulted to Eat Out; move to Food - Ailynn/Chris/Misc if you know whose order it was
Checking ...0861,08/31/2026,HERSHEYS CHOCOLATE WORL LAS VEGAS NV         08/29,-22.43,DEBIT_CARD,2189.92,Food - Eat Out,Expenses,D,Restaurant/fast-food - defaulted to Eat Out; move to Food - Ailynn/Chris/Misc if you know whose order it was
Checking ...0861,08/31/2026,NATHANS FAMOUS NYNY 81 702-2332228 NV        08/29,-20.48,DEBIT_CARD,2212.35,Food - Eat Out,Expenses,D,Restaurant/fast-food - defaulted to Eat Out; move to Food - Ailynn/Chris/Misc if you know whose order it was
Checking ...0861,08/31/2026,SQ *JB HOLDINGS LV LL Boulder city NV        08/29,-16.86,DEBIT_CARD,2232.83,Food - Eat Out,Expenses,D,
Checking ...0861,08/31/2026,BOULDER VINTAGE BOULDER CITY NV              08/29,-25.96,DEBIT_CARD,2249.69,Vacation,Expenses,D,"Hotel/travel-city charge, looks like part of a trip"
Checking ...0861,08/31/2026,SQ *RETAIL - BOULDER BOULDER CITY NV         08/29,-25.77,DEBIT_CARD,2275.65,Food - Eat Out,Expenses,D,
Checking ...0861,08/31/2026,SQ *DAM ROAST HOUSE & Boulder City NV        08/29,-30.13,DEBIT_CARD,2301.42,Food - Eat Out,Expenses,D,
Checking ...0861,08/31/2026,MANILA BBQ & SEAFOOD HENDERSON NV            08/29,-181.85,DEBIT_CARD,2331.55,Food - Eat Out,Expenses,D,Restaurant/fast-food - defaulted to Eat Out; move to Food - Ailynn/Chris/Misc if you know whose order it was
Checking ...0861,08/31/2026,ATM WITHDRAWAL                       002869  08/29605 MARKS,-100.0,ATM,2513.40,Others,Expenses,H,ATM cash withdrawal - cash spend is untracked after this point
Checking ...0861,08/31/2026,MSS SURFACE LOT LAS VEGAS NV                 08/28,-20.0,DEBIT_CARD,2613.40,Vacation,Expenses,D,"Hotel/travel-city charge, looks like part of a trip"
Checking ...0861,08/31/2026,STEAK N SHAKE FREMONT LAS VEGAS NV           08/28,-31.57,DEBIT_CARD,2633.40,Food - Eat Out,Expenses,D,Restaurant/fast-food - defaulted to Eat Out; move to Food - Ailynn/Chris/Misc if you know whose order it was
Checking ...0861,08/31/2026,Klarna* Klarna 151-7426184 DE                08/29,-7.34,DEBIT_CARD,2664.97,Klarna,Debt,H,
Checking ...0861,08/31/2026,CLARK CO PARKS AND REC 7024558132 NV         08/28,-10.0,DEBIT_CARD,2672.31,Vacation,Expenses,D,"Hotel/travel-city charge, looks like part of a trip"
Checking ...0861,08/31/2026,SQ *EVERGREEN COFFEE Henderson NV            08/28,-68.82,DEBIT_CARD,2682.31,Food - Eat Out,Expenses,D,Restaurant/fast-food - defaulted to Eat Out; move to Food - Ailynn/Chris/Misc if you know whose order it was
Checking ...0861,08/31/2026,Google One 650-2530000 CA                    08/30,-2.99,DEBIT_CARD,2751.13,Google 1,Monthly Bills,H,
Checking ...0861,08/31/2026,Zelle payment from ANGELYNN FLORA PNCAA0cvc63x,330.0,PARTNERFI_TO_CHASE,2754.12,Others - Income,Income,R,Zelle received - please tell me who this person is so I can map them to a category
Checking ...0861,08/28/2026,PAYPAL           TRANSFER   ADD TO BALANCE  WEB ID: PAYPALSD22,-50.0,ACH_DEBIT,2424.12,Transfer - Checking to PayPal,Transfer,H,
Checking ...0861,08/28/2026,SP+AFF * AEROFLOWDYNA 855-423-3729 CA        08/28,-19.56,DEBIT_CARD,2474.12,Shop - Others,Expenses,R,Small online-shop charge via an affiliate/Affirm-style processor - description doesn't name the actual store
Checking ...0861,08/28/2026,SP+AFF * EUFY US 855-423-3729 CA             08/28,-88.24,DEBIT_CARD,2493.68,Shop - Others,Expenses,R,Small online-shop charge via an affiliate/Affirm-style processor - description doesn't name the actual store
Checking ...0861,08/28/2026,Online Transfer to  SAV ...5953 transaction#: 30494287738,-25.0,ACCT_XFER,2581.92,Transfer - Checking to Savings,Transfer,H,
Checking ...0861,08/28/2026,AMAZON.COM SERVI INTERNET   043000093323126 WEB ID: 9049016352,-38.9,ACH_DEBIT,2606.92,Shop - Amazon,Expenses,H,
Checking ...0861,08/28/2026,Taptap Send New York NY                      08/28,-32.41,DEBIT_CARD,2645.82,Remittance - others,Expenses,R,"Remittance app transfer - recipient not shown; please tell me if this is Aron, Aron's tuition, or someone else"
Checking ...0861,08/28/2026,Zelle payment from Rose Ann Alonzo USAQ1EWTENUA,1700.0,PARTNERFI_TO_CHASE,2678.23,Others - Income,Income,R,Zelle received - please tell me who this person is so I can map them to a category
Checking ...0861,08/27/2026,CAPITAL ONE      CRCARDPMT  CA0D8729CD49526 WEB ID: 9541719318,-100.0,ACH_DEBIT,978.23,CC - Capital 1,Debt,H,
Checking ...0861,08/27/2026,PAYPAL           PURCHASE   GOOGLE BYTEDANC WEB ID: PAYPALSI77,-9.19,ACH_DEBIT,1078.23,Others,Expenses,R,"Subscription/purchase via PayPal (Apple, Etsy, Google apps, Lyft, AARP, etc.) - no matching category"
Checking ...0861,08/27/2026,AMAZON MARKETPLA INTERNET   043000092200686 WEB ID: 9049016352,-9.74,ACH_DEBIT,1087.42,Shop - Amazon,Expenses,H,
Checking ...0861,08/27/2026,CHEVRON 0209895 HENDERSON NV                 08/27,-68.2,DEBIT_CARD,1097.16,Gas,Expenses,D,
Checking ...0861,08/26/2026,MISSION LANE     EDI PYMNTS                 PPD ID: 2832674981,-2.31,ACH_DEBIT,1165.36,CC - Mission Lane,Debt,H,
Checking ...0861,08/26/2026,HABIT BURGER 5008 HENDERSON NV               08/25,-41.19,DEBIT_CARD,1167.67,Food - Eat Out,Expenses,D,Restaurant/fast-food - defaulted to Eat Out; move to Food - Ailynn/Chris/Misc if you know whose order it was
Checking ...0861,08/26/2026,CHIC AND COZY CONSIGNME HENDERSON NV         08/25,-32.51,DEBIT_CARD,1208.86,Shop - Others,Expenses,D,
Checking ...0861,08/26/2026,CHIC AND COZY CONSIGNME HENDERSON NV         08/25,-346.78,DEBIT_CARD,1241.37,Shop - Others,Expenses,D,
Checking ...0861,08/26/2026,COMCAST-XFINITY  CABLE SVCS                 PPD ID: 0000213249,13.97,ACH_CREDIT,1588.15,Comcast,Monthly Bills,H,
Checking ...0861,08/26/2026,PAYPAL           TRANSFER                   PPD ID: PAYPALSD11,1000.0,ACH_CREDIT,1574.18,Transfer - PayPal to Checking,Transfer,H,
Checking ...0861,08/25/2026,CHECK OR SUPPLY  ORDER                      PPD ID: 1410216800,-30.0,FEE_TRANSACTION,574.18,Others,Expenses,H,Bank fee
Checking ...0861,08/25/2026,PAYPAL           PURCHASE   GOOGLE YOUTUBE  WEB ID: PAYPALSI77,-14.71,ACH_DEBIT,604.18,YT Premium,Monthly Bills,H,
Checking ...0861,08/25/2026,Online Payment 30543945066 To PACIFIC GAS & ELECTRIC (PG&E) 08/25,-165.5,BILLPAY,618.89,PGE,Monthly Bills,H,
Checking ...0861,08/25/2026,Online Payment 30543871137 To ALA 0908 08/25,-706.36,LOAN_PMT,784.39,Others,Expenses,R,Recurring $706.36/month loan-type payment to 'ALA 0908' - please tell me what this is so I can give it the right category
Checking ...0861,08/25/2026,PAYPAL           PURCHASE   GOOGLE YESOULFI WEB ID: PAYPALSI77,-13.99,ACH_DEBIT,1490.75,Yesoulfitness,Monthly Bills,H,
Checking ...0861,08/25/2026,VERIZON WIRELESS PAYMENTS                   PPD ID: 4223344794,-408.35,MISC_DEBIT,1504.74,Verizon,Monthly Bills,H,
Checking ...0861,08/25/2026,AMAZON MARKETPLA INTERNET   043000099391278 WEB ID: 9049016352,-31.92,ACH_DEBIT,1913.09,Shop - Amazon,Expenses,H,
Checking ...0861,08/25/2026,AMAZON MARKETPLA INTERNET   043000099063796 WEB ID: 9049016352,-115.95,ACH_DEBIT,1945.01,Shop - Amazon,Expenses,H,
Checking ...0861,08/25/2026,AMAZON.COM SERVI INTERNET   043000098650384 WEB ID: 9049016352,-174.79,ACH_DEBIT,2060.96,Shop - Amazon,Expenses,H,
Checking ...0861,08/25/2026,SP+AFF * WRXDAILY 855-423-3729 CA            08/25,-220.95,DEBIT_CARD,2235.75,Shop - Others,Expenses,R,Small online-shop charge via an affiliate/Affirm-style processor - description doesn't name the actual store
Checking ...0861,08/25/2026,SQ *NO. 1 BOBA TEA SOCI Henderson NV         08/24,-8.86,DEBIT_CARD,2456.70,Food - Eat Out,Expenses,D,Restaurant/fast-food - defaulted to Eat Out; move to Food - Ailynn/Chris/Misc if you know whose order it was
Checking ...0861,08/25/2026,SQ *NO. 1 BOBA TEA SOCI Henderson NV         08/24,-27.47,DEBIT_CARD,2465.56,Food - Eat Out,Expenses,D,Restaurant/fast-food - defaulted to Eat Out; move to Food - Ailynn/Chris/Misc if you know whose order it was
Checking ...0861,08/25/2026,Taptap Send New York NY                      08/24,-22.0,DEBIT_CARD,2493.03,Remittance - others,Expenses,R,"Remittance app transfer - recipient not shown; please tell me if this is Aron, Aron's tuition, or someone else"
Checking ...0861,08/25/2026,TST*FOX SMOKEHOUSE BB Boulder City NV        08/23,-90.33,DEBIT_CARD,2515.03,Food - Eat Out,Expenses,D,
Checking ...0861,08/25/2026,Zelle payment from Katrina T Perez USBPFXMsz6zJ,50.0,PARTNERFI_TO_CHASE,2605.36,Others - Income,Income,R,Zelle received - please tell me who this person is so I can map them to a category
Checking ...0861,08/24/2026,ATM WITHDRAWAL                       000184  08/24605 MARKS,-1000.0,ATM,2555.36,Others,Expenses,H,ATM cash withdrawal - cash spend is untracked after this point
Checking ...0861,08/24/2026,Online Transfer to  SAV ...5953 transaction#: 30404182300,-25.0,ACCT_XFER,3555.36,Transfer - Checking to Savings,Transfer,H,
Checking ...0861,08/24/2026,PAYPAL           PURCHASE   GOOGLE SOLMA GR WEB ID: PAYPALSI77,-39.99,ACH_DEBIT,3580.36,Others,Expenses,R,"Subscription/purchase via PayPal (Apple, Etsy, Google apps, Lyft, AARP, etc.) - no matching category"
Checking ...0861,08/24/2026,LOWE'S #1537 HENDERSON NV            536313  08/23,-67.65,DEBIT_CARD,3620.35,Others,Expenses,D,Home-improvement store - no matching category in your list
Checking ...0861,08/24/2026,ATM WITHDRAWAL                       003724  08/23220 E LAK,-1000.0,ATM,3688.00,Others,Expenses,H,ATM cash withdrawal - cash spend is untracked after this point
Checking ...0861,08/24/2026,WM SUPERCENTER #2050 HENDERSON NV            08/23,-143.93,DEBIT_CARD,4688.00,Groceries - Walmart,Expenses,H,
Checking ...0861,08/24/2026,SMITHS #4331 HENDERSON NV                    08/23,-119.33,DEBIT_CARD,4831.93,Others,Expenses,R,Unrecognized charge - please tell me what this is
Checking ...0861,08/24/2026,GIV*FIRST PRESBY 831-4227811 CA              08/23,-20.0,DEBIT_CARD,4951.26,Others,Expenses,H,"Recurring $20 church/charitable giving - no matching category in your list, put under Others"
Checking ...0861,08/24/2026,GOOGLE *Life360 Famil 855-836-3987 CA        08/23,-13.79,DEBIT_CARD,4971.26,Life 360,Monthly Bills,H,
Checking ...0861,08/24/2026,SFC LAS VEGAS - MARYLA LAS VEGAS NV  471583  08/22,-110.22,DEBIT_CARD,4985.05,Vacation,Expenses,D,"Hotel/travel-city charge, looks like part of a trip"
Checking ...0861,08/24/2026,Zelle payment to RHIAN ALMO 30517082075,-28.0,QUICKPAY_DEBIT,5095.27,Others,Expenses,R,Zelle sent - please tell me who this person is so I can map them to a category
Checking ...0861,08/24/2026,DD *DOORDASH JOLLIBEE 855-431-0459 CA        08/24,-53.09,DEBIT_CARD,5123.27,Food - To go,Expenses,H,
Checking ...0861,08/24/2026,DD *DOORDASH THEMELTD 855-431-0459 CA        08/22,-41.49,DEBIT_CARD,5176.36,Food - To go,Expenses,H,
Checking ...0861,08/24/2026,PAYPAL           TRANSFER                   PPD ID: PAYPALSD11,2000.0,ACH_CREDIT,5217.85,Transfer - PayPal to Checking,Transfer,H,
Checking ...0861,08/21/2026,PAYPAL           TRANSFER   ADD TO BALANCE  WEB ID: PAYPALSD22,-50.0,ACH_DEBIT,3217.85,Transfer - Checking to PayPal,Transfer,H,
Checking ...0861,08/21/2026,AFFIRM.COM PAYME AFFIRM.COM ST-Y5W5C2J2R0J6 WEB ID: 4270465600,-141.09,ACH_DEBIT,3267.85,Affirm,Debt,H,
Checking ...0861,08/21/2026,VENMO            PAYMENT    1052493804751   WEB ID: 3264681992,-350.0,MISC_DEBIT,3408.94,Others,Expenses,R,"Rideshare or Venmo payment - no matching category, and Venmo recipient is unclear"
Checking ...0861,08/21/2026,EBAY COMMERCE INC. SAN JOSE CA               08/21,-35.75,DEBIT_CARD,3758.94,Shop - Others,Expenses,D,
Checking ...0861,08/21/2026,SQ *BOBA BOY Henderson NV                    08/21,-39.96,DEBIT_CARD,3794.69,Food - Eat Out,Expenses,D,Restaurant/fast-food - defaulted to Eat Out; move to Food - Ailynn/Chris/Misc if you know whose order it was
Checking ...0861,08/21/2026,WM SUPERCENTER #3350 LAS VEGAS NV            08/20,-88.85,DEBIT_CARD,3834.65,Groceries - Walmart,Expenses,H,
Checking ...0861,08/21/2026,MINUTEKEY BOULDER CO                         08/21,-13.01,DEBIT_CARD,3923.50,Others,Expenses,D,Home-improvement store - no matching category in your list
Checking ...0861,08/21/2026,Amazon.com*5A7QZ9UE0 Amzn.com/bill WA        08/20,-27.08,DEBIT_CARD,3936.51,Shop - Amazon,Expenses,H,
Checking ...0861,08/21/2026,LITTLE PAMPANGA HENDERSON NV                 08/20,-40.07,DEBIT_CARD,3963.59,Vacation,Expenses,D,"Hotel/travel-city charge, looks like part of a trip"
Checking ...0861,08/21/2026,EXXON D & R MKT LOST HILLS CA                08/19,-41.34,DEBIT_CARD,4003.66,Gas,Expenses,D,
Checking ...0861,08/21/2026,Pay in 4 Deposit  - WILLA A HISLE OD (...6737),300.8,MISC_CREDIT,4045.00,Others - Income,Income,R,Unrecognized credit - please tell me the source
Checking ...0861,08/21/2026,PAYPAL           TRANSFER                   PPD ID: PAYPALSD11,3000.0,ACH_CREDIT,3744.20,Transfer - PayPal to Checking,Transfer,H,
Checking ...0861,08/20/2026,Zelle payment to 8182015945 JPM99cts4zlb,-2708.0,CHASE_TO_PARTNERFI,744.20,Others,Expenses,R,Zelle sent - please tell me who this person is so I can map them to a category
Checking ...0861,08/20/2026,Zelle payment to 7864124499 JPM99ctrsj6r,-800.0,CHASE_TO_PARTNERFI,3452.20,Others,Expenses,R,Zelle sent - please tell me who this person is so I can map them to a category
Checking ...0861,08/20/2026,Ambercup8554962356 185-5496235 NC            08/20,-15.74,DEBIT_CARD,4252.20,Shop - Others,Expenses,D,
Checking ...0861,08/20/2026,Ambercup8554962356 185-5496235 NC            08/20,-36.99,DEBIT_CARD,4267.94,Shop - Others,Expenses,D,
Checking ...0861,08/20/2026,Shoppawvia8555501268 185-5550126 NC          08/20,-15.74,DEBIT_CARD,4304.93,Shop - Others,Expenses,D,
Checking ...0861,08/20/2026,Shoppawvia8555501268 Cary NC                 08/20,-39.61,DEBIT_CARD,4320.67,Shop - Others,Expenses,D,
Checking ...0861,08/20/2026,MCDONALD'S F26499 LOST HILLS CA              08/19,-33.31,DEBIT_CARD,4360.28,Food - Eat Out,Expenses,D,Restaurant/fast-food - defaulted to Eat Out; move to Food - Ailynn/Chris/Misc if you know whose order it was
Checking ...0861,08/20/2026,LBC SALINAS SALINAS CA                       08/18,-94.0,DEBIT_CARD,4393.59,Remittance - others,Expenses,R,LBC is a Filipino remittance/cargo courier - please confirm recipient
Checking ...0861,08/20/2026,Zelle payment from RHIAN ABIGAIL ALMO 30487939424,90.0,QUICKPAY_CREDIT,4487.59,Others - Income,Income,R,Zelle received - please tell me who this person is so I can map them to a category
Checking ...0861,08/20/2026,Online Transfer from SAV ...5953 transaction#: 30487469297,1586.0,ACCT_XFER,4397.59,Transfer - Savings to Checking,Transfer,H,
Checking ...0861,08/20/2026,PAYPAL           TRANSFER                   PPD ID: PAYPALSD11,1986.32,ACH_CREDIT,2811.59,Transfer - PayPal to Checking,Transfer,H,
Checking ...0861,08/19/2026,D & R MKT LOST HILLS CA                      08/19,-5.24,DEBIT_CARD,825.27,Gas,Expenses,D,
Checking ...0861,08/19/2026,SALINAS SINCLAI SALINAS CA                   08/19,-50.89,DEBIT_CARD,830.51,Gas,Expenses,D,
Checking ...0861,08/19/2026,AMAZON MARKETPLA INTERNET   043000092972826 WEB ID: 9049016352,-380.61,ACH_DEBIT,881.40,Shop - Amazon,Expenses,H,
Checking ...0861,08/19/2026,AFFIRM.COM PAYME AFFIRM.COM ST-D2P2S3Z7G6V7 WEB ID: 4270465600,-68.11,ACH_DEBIT,1262.01,Affirm,Debt,H,
Checking ...0861,08/19/2026,AFFIRM.COM PAYME AFFIRM.COM ST-F3H1D1P3F4J3 WEB ID: 1800948598,-213.32,ACH_DEBIT,1330.12,Affirm,Debt,H,
Checking ...0861,08/19/2026,DIAMOND DENTAL OF SALIN SALINAS CA           08/18,-100.0,DEBIT_CARD,1543.44,Medical,Expenses,H,
Checking ...0861,08/19/2026,REPUBLIC SVCS OF SALINA SALINAS CA           08/18,-43.4,DEBIT_CARD,1643.44,Waste Management,Monthly Bills,H,
Checking ...0861,08/19/2026,STARBUCKS 8007827282 800-782-7282 WA         08/18,-20.0,DEBIT_CARD,1686.84,Food - Eat Out,Expenses,D,Restaurant/fast-food - defaulted to Eat Out; move to Food - Ailynn/Chris/Misc if you know whose order it was
Checking ...0861,08/19/2026,STARBUCKS 8007827282 800-782-7282 WA         08/18,-30.0,DEBIT_CARD,1706.84,Food - Eat Out,Expenses,D,Restaurant/fast-food - defaulted to Eat Out; move to Food - Ailynn/Chris/Misc if you know whose order it was
Checking ...0861,08/19/2026,U-HAULONSITE EQUIPMENT SALINAS CA            08/18,-48.37,DEBIT_CARD,1736.84,For Car,Expenses,H,
Checking ...0861,08/19/2026,USPS CHANGE OF ADDRES 800-238-3150 TN        08/18,-1.25,DEBIT_CARD,1785.21,Others,Expenses,D,Shipping/postal
Checking ...0861,08/19/2026,LITTLE CAESARS #5054 800-722-3727 CA         08/17,-41.54,DEBIT_CARD,1786.46,Food - Eat Out,Expenses,D,Restaurant/fast-food - defaulted to Eat Out; move to Food - Ailynn/Chris/Misc if you know whose order it was
Checking ...0861,08/19/2026,PAYPAL           TRANSFER                   PPD ID: PAYPALSD11,1828.0,ACH_CREDIT,1828.00,Transfer - PayPal to Checking,Transfer,H,
Checking ...0861,08/18/2026,DOMESTIC INCOMING WIRE FEE,-15.0,FEE_TRANSACTION,0.00,Others,Expenses,H,Bank fee
Checking ...0861,08/18/2026,Zelle payment to RHIAN ALMO 30465722280,-75.0,QUICKPAY_DEBIT,15.00,Others,Expenses,R,Zelle sent - please tell me who this person is so I can map them to a category
Checking ...0861,08/18/2026,THE HOME DEPOT #1843 SALINAS CA      023706  08/18,-24.43,DEBIT_CARD,90.00,Others,Expenses,D,Home-improvement store - no matching category in your list
Checking ...0861,08/18/2026,Zelle payment to Doris Lopez JPM99ctlg1nt,-50.0,CHASE_TO_PARTNERFI,114.43,Doris,Expenses,H,
Checking ...0861,08/18/2026,THE HOME DEPOT #1843 SALINAS CA      134138  08/18,-82.33,DEBIT_CARD,164.43,Others,Expenses,D,Home-improvement store - no matching category in your list
Checking ...0861,08/18/2026,AMAZON.COM SERVI INTERNET   043000099154040 WEB ID: 9049016352,-10.86,ACH_DEBIT,246.76,Shop - Amazon,Expenses,H,
Checking ...0861,08/18/2026,AFFIRM.COM PAYME AFFIRM.COM ST-D1S0F5J5F6E5 WEB ID: 1800948598,-98.62,ACH_DEBIT,257.62,Affirm,Debt,H,
Checking ...0861,08/18/2026,Zelle payment to 8182015945 JPM99ctiuy94,-2708.0,CHASE_TO_PARTNERFI,356.24,Others,Expenses,R,Zelle sent - please tell me who this person is so I can map them to a category
Checking ...0861,08/18/2026,NAPA STORE 4574057 SALINAS CA                08/17,-4.53,DEBIT_CARD,3064.24,For Car,Expenses,H,
Checking ...0861,08/18/2026,Online Transfer from SAV ...5953 transaction#: 30464063030,1000.0,ACCT_XFER,3068.77,Transfer - Savings to Checking,Transfer,H,
Checking ...0861,08/18/2026,CHIPS CREDIT VIA: CITIBANK N.A./0008 B/O: AMOAPPS LTD CY REF: NBNF=CHRISTOPHER PEREZ OR AILYNN PEREZ SALINAS CA 93907-1813 US/AC-000 000007071 ORG=/14995821 CY OGB=CITI BANK N.A. LONDON UNITED KINGDOM GB OBI=/URI/REFUND SSN: 00384560 TRN: 0095184230FC,18.99,WIRE_INCOMING,2068.77,Others - Income,Income,R,Deposit/wire with unclear source
Checking ...0861,08/18/2026,ODP TRANSFER FROM SAVINGS ...5953,2049.78,MISC_CREDIT,2049.78,Transfer - Savings to Checking,Transfer,H,Overdraft-protection auto-pull from savings
Checking ...0861,08/17/2026,AFFIRM.COM PAYME AFFIRM.COM ST-W2R2D2M9B7B4 WEB ID: 1800948598,-287.25,ACH_DEBIT,0.00,Affirm,Debt,H,
Checking ...0861,08/17/2026,AMAZON MARKETPLA INTERNET   043000097487524 WEB ID: 9049016352,-14.13,ACH_DEBIT,287.25,Shop - Amazon,Expenses,H,
Checking ...0861,08/17/2026,AMAZON MARKETPLA INTERNET   043000097552600 WEB ID: 9049016352,-15.65,ACH_DEBIT,301.38,Shop - Amazon,Expenses,H,
Checking ...0861,08/17/2026,AMAZON MARKETPLA INTERNET   043000097548100 WEB ID: 9049016352,-29.03,ACH_DEBIT,317.03,Shop - Amazon,Expenses,H,
Checking ...0861,08/17/2026,CITI CARD ONLINE PAYMENT    432093034101335 WEB ID: CITICTP,-3139.48,ACH_DEBIT,346.06,CC - Citibank,Debt,H,
Checking ...0861,08/17/2026,Zelle payment to LEANDRO VALLE JPM99ctf6qqx,-35.0,CHASE_TO_PARTNERFI,3485.54,Others,Expenses,R,Zelle sent - please tell me who this person is so I can map them to a category
Checking ...0861,08/17/2026,THE HOME DEPOT #1843 SALINAS CA      671389  08/16,-102.01,DEBIT_CARD,3520.54,Others,Expenses,D,Home-improvement store - no matching category in your list
Checking ...0861,08/17/2026,GIV*FIRST PRESBY 831-4227811 CA              08/16,-20.0,DEBIT_CARD,3622.55,Others,Expenses,H,"Recurring $20 church/charitable giving - no matching category in your list, put under Others"
Checking ...0861,08/17/2026,CHEVRON 0355921 BENICIA CA                   08/16,-50.34,DEBIT_CARD,3642.55,Gas,Expenses,D,
Checking ...0861,08/17/2026,SUSHI PIER TAHOE STATELINE NV                08/15,-98.2,DEBIT_CARD,3692.89,Food - Eat Out,Expenses,D,Restaurant/fast-food - defaulted to Eat Out; move to Food - Ailynn/Chris/Misc if you know whose order it was
Checking ...0861,08/17/2026,NYACK EMIGRANT GAP CA                061478  08/15,-3.79,DEBIT_CARD,3791.09,Gas,Expenses,D,
Checking ...0861,08/17/2026,NYACK EMIGRANT GAP CA                549918  08/15,-9.11,DEBIT_CARD,3794.88,Gas,Expenses,D,
Checking ...0861,08/17/2026,CHEVRON 0391035 NEWCASTLE CA                 08/15,-34.66,DEBIT_CARD,3803.99,Gas,Expenses,D,
Checking ...0861,08/17/2026,7-ELEVEN NEWCASTLE CA                        08/15,-11.98,DEBIT_CARD,3838.65,Gas,Expenses,D,
Checking ...0861,08/17/2026,CITYOFSAC-OFFSTREETPAY SACRAMENTO CA         08/15,-20.0,DEBIT_CARD,3850.63,For Car,Expenses,D,"Parking charge, defaulted to For Car"
Checking ...0861,08/17/2026,CARLS JR 0801 TRACY CA                       08/15,-18.47,DEBIT_CARD,3870.63,Food - Eat Out,Expenses,D,Restaurant/fast-food - defaulted to Eat Out; move to Food - Ailynn/Chris/Misc if you know whose order it was
Checking ...0861,08/17/2026,SHELL SERVICE STATION GILROY CA      230935  08/15,-21.38,DEBIT_CARD,3889.10,Gas,Expenses,D,
Checking ...0861,08/17/2026,SHELL OIL 10010249000 GILROY CA              08/15,-43.88,DEBIT_CARD,3910.48,Gas,Expenses,D,
Checking ...0861,08/17/2026,WM SUPERCENTER #5751 SALINAS CA              08/14,-48.1,DEBIT_CARD,3954.36,Groceries - Walmart,Expenses,H,
Checking ...0861,08/17/2026,HABIT SALINAS 306 SALINAS CA                 08/14,-26.31,DEBIT_CARD,4002.46,Food - Eat Out,Expenses,D,Restaurant/fast-food - defaulted to Eat Out; move to Food - Ailynn/Chris/Misc if you know whose order it was
Checking ...0861,08/17/2026,HABIT SALINAS 306 SALINAS CA                 08/14,-30.79,DEBIT_CARD,4028.77,Food - Eat Out,Expenses,D,Restaurant/fast-food - defaulted to Eat Out; move to Food - Ailynn/Chris/Misc if you know whose order it was
Checking ...0861,08/17/2026,KLARNA* KLARNA KLARNA.COM OH                 08/14,-7.34,DEBIT_CARD,4059.56,Klarna,Debt,H,
Checking ...0861,08/17/2026,Chua Tinsay  Vega AP San Francisco CA        08/15,-200.0,DEBIT_CARD,4066.90,Atty Chua,Monthly Bills,H,
Checking ...0861,08/17/2026,KLARNA* KLARNA KLARNA.COM OH                 08/14,-13.18,DEBIT_CARD,4266.90,Klarna,Debt,H,
Checking ...0861,08/17/2026,LITTLE CAESARS #5056 800-722-3727 CA         08/13,-40.8,DEBIT_CARD,4280.08,Food - Eat Out,Expenses,D,Restaurant/fast-food - defaulted to Eat Out; move to Food - Ailynn/Chris/Misc if you know whose order it was
Checking ...0861,08/17/2026,ODP TRANSFER FROM SAVINGS ...5953,4320.88,MISC_CREDIT,4320.88,Transfer - Savings to Checking,Transfer,H,Overdraft-protection auto-pull from savings
Checking ...0861,08/14/2026,THE HOME DEPOT #1843 SALINAS CA      612103  08/14,-16.49,DEBIT_CARD,0.00,Others,Expenses,D,Home-improvement store - no matching category in your list
Checking ...0861,08/14/2026,PAYPAL           TRANSFER   ADD TO BALANCE  WEB ID: PAYPALSD22,-50.0,ACH_DEBIT,16.49,Transfer - Checking to PayPal,Transfer,H,
Checking ...0861,08/14/2026,SP+AFF * AEROFLOWDYNA 855-423-3729 CA        08/14,-19.56,DEBIT_CARD,66.49,Shop - Others,Expenses,R,Small online-shop charge via an affiliate/Affirm-style processor - description doesn't name the actual store
Checking ...0861,08/14/2026,SP+AFF * EUFY US 855-423-3729 CA             08/14,-88.24,DEBIT_CARD,86.05,Shop - Others,Expenses,R,Small online-shop charge via an affiliate/Affirm-style processor - description doesn't name the actual store
Checking ...0861,08/14/2026,AFFIRM.COM PAYME AFFIRM.COM ST-E0N0T4O0N8H9 WEB ID: 1800948598,-53.97,ACH_DEBIT,174.29,Affirm,Debt,H,
Checking ...0861,08/14/2026,Sendwave 844-9335122 MA                      08/14,-100.49,DEBIT_CARD,228.26,Remittance - others,Expenses,R,"Remittance app transfer - recipient not shown; please tell me if this is Aron, Aron's tuition, or someone else"
Checking ...0861,08/14/2026,WILLA A HISLE OD SALINAS CA                  08/13,-300.8,DEBIT_CARD,328.75,Others,Expenses,R,Unrecognized charge - please tell me what this is
Checking ...0861,08/14/2026,ODP TRANSFER FROM SAVINGS ...5953,629.55,MISC_CREDIT,629.55,Transfer - Savings to Checking,Transfer,H,Overdraft-protection auto-pull from savings
Checking ...0861,08/13/2026,LUCKY #747 SALINAS CA                        08/13,-63.08,DEBIT_CARD,0.00,Groceries - Others,Expenses,H,
Checking ...0861,08/13/2026,SHELL SERVICE STATION SALINAS CA     815316  08/13,-82.06,DEBIT_CARD,63.08,Gas,Expenses,D,
Checking ...0861,08/13/2026,PAYPAL           PURCHASE   APPLE.COM BILL  WEB ID: PAYPALSI77,-0.99,ACH_DEBIT,145.14,Others,Expenses,R,"Subscription/purchase via PayPal (Apple, Etsy, Google apps, Lyft, AARP, etc.) - no matching category"
Checking ...0861,08/13/2026,Taptap Send New York NY                      08/13,-107.26,DEBIT_CARD,146.13,Remittance - others,Expenses,R,"Remittance app transfer - recipient not shown; please tell me if this is Aron, Aron's tuition, or someone else"
Checking ...0861,08/13/2026,TST*MISSION STREET BBQ Santa Cruz CA         08/12,-23.02,DEBIT_CARD,253.39,Food - Eat Out,Expenses,D,Restaurant/fast-food - defaulted to Eat Out; move to Food - Ailynn/Chris/Misc if you know whose order it was
Checking ...0861,08/13/2026,CHEVRON 0091927 WATSONVILLE CA               08/12,-71.76,DEBIT_CARD,276.41,Gas,Expenses,D,
Checking ...0861,08/13/2026,ODP TRANSFER FROM SAVINGS ...5953,348.17,MISC_CREDIT,348.17,Transfer - Savings to Checking,Transfer,H,Overdraft-protection auto-pull from savings
Checking ...0861,08/12/2026,PAYPAL           INST XFER  PPCR CC REPAYME WEB ID: PAYPALSI77,-2.0,ACH_DEBIT,0.00,CC - paypal,Debt,H,
Checking ...0861,08/12/2026,CITIZENS PAY     LINE OF CR 043000094052720 WEB ID: 9044036180,-8.66,ACH_DEBIT,2.00,CC - Citizen bank,Debt,H,
Checking ...0861,08/12/2026,AMAZON.COM SERVI INTERNET   043000094078750 WEB ID: 9049016352,-19.56,ACH_DEBIT,10.66,Shop - Amazon,Expenses,H,
Checking ...0861,08/12/2026,GOHAN BUFFET SALINAS CA                      08/11,-153.45,DEBIT_CARD,30.22,Food - Eat Out,Expenses,D,Restaurant/fast-food - defaulted to Eat Out; move to Food - Ailynn/Chris/Misc if you know whose order it was
Checking ...0861,08/12/2026,REPUBLIC SVCS OF SALINA SALINAS CA           08/11,-39.0,DEBIT_CARD,183.67,Waste Management,Monthly Bills,H,
Checking ...0861,08/12/2026,U-HAULMCBRIDES AUTO & S SALINAS CA           08/11,-48.37,DEBIT_CARD,222.67,For Car,Expenses,H,
Checking ...0861,08/12/2026,ODP TRANSFER FROM SAVINGS ...5953,271.04,MISC_CREDIT,271.04,Transfer - Savings to Checking,Transfer,H,Overdraft-protection auto-pull from savings
Checking ...0861,08/11/2026,LIFE INS OF SW   XXXXXXXXXX                 PPD ID: 1954349000,-205.62,ACH_DEBIT,0.00,National Life Ins,Monthly Bills,H,
Checking ...0861,08/11/2026,AFFIRM.COM PAYME AFFIRM.COM ST-T7M9Z4G0M5Y3 WEB ID: 1800948598,-23.62,ACH_DEBIT,205.62,Affirm,Debt,H,
Checking ...0861,08/11/2026,WestlakeSvcs     8887399192 C26081004000959 WEB ID: 4871475048,-223.53,ACH_DEBIT,229.24,Auto Loan - Honda,Debt,R,"Westlake Financial payment - assumed Honda auto loan, please confirm"
Checking ...0861,08/11/2026,WestlakeSvcs     8887399192 C26081004000960 WEB ID: 4871475048,-276.47,ACH_DEBIT,452.77,Auto Loan - Honda,Debt,R,"Westlake Financial payment - assumed Honda auto loan, please confirm"
Checking ...0861,08/11/2026,Sendwave 844-9335122 MA                      08/11,-17.02,DEBIT_CARD,729.24,Remittance - others,Expenses,R,"Remittance app transfer - recipient not shown; please tell me if this is Aron, Aron's tuition, or someone else"
Checking ...0861,08/11/2026,KLARNA*WHEELTOP.US WWW.KLARNA.CO DE          08/11,-66.35,DEBIT_CARD,746.26,Klarna,Debt,H,
Checking ...0861,08/11/2026,WAL-MART #5751 SALINAS CA                    08/10,-26.5,DEBIT_CARD,812.61,Groceries - Walmart,Expenses,H,
Checking ...0861,08/11/2026,THE HOME DEPOT #1843 SALINAS CA      221289  08/10,-63.09,DEBIT_CARD,839.11,Others,Expenses,D,Home-improvement store - no matching category in your list
Checking ...0861,08/11/2026,BURGER KING #13730 SALINAS CA                08/10,-48.51,DEBIT_CARD,902.20,Food - Eat Out,Expenses,D,Restaurant/fast-food - defaulted to Eat Out; move to Food - Ailynn/Chris/Misc if you know whose order it was
Checking ...0861,08/11/2026,WINGSTOP 2088 650-019-7954 CA                08/10,-60.32,DEBIT_CARD,950.71,Food - Eat Out,Expenses,D,Restaurant/fast-food - defaulted to Eat Out; move to Food - Ailynn/Chris/Misc if you know whose order it was
Checking ...0861,08/11/2026,AMAZON MARKETPLA ADJUSTMENT                 PPD ID: 9049016352,43.49,ACH_CREDIT,1011.03,Shop - Amazon returns,Expenses,H,
Checking ...0861,08/11/2026,ODP TRANSFER FROM SAVINGS ...5953,586.39,MISC_CREDIT,967.54,Transfer - Savings to Checking,Transfer,H,Overdraft-protection auto-pull from savings
Checking ...0861,08/10/2026,O'REILLY 2991 SALINAS CA             539250  08/10,-12.01,DEBIT_CARD,381.15,For Car,Expenses,H,
Checking ...0861,08/10/2026,PAYPAL           PURCHASE   TIKTOK SHOP     WEB ID: PAYPALSI77,-37.51,ACH_DEBIT,393.16,paypal tiktok,Expenses,H,
Checking ...0861,08/10/2026,PAYPAL           PURCHASE   TIKTOK SHOP     WEB ID: PAYPALSI77,-22.17,ACH_DEBIT,430.67,paypal tiktok,Expenses,H,
Checking ...0861,08/10/2026,PAYPAL           PURCHASE   TIKTOK SHOP     WEB ID: PAYPALSI77,-22.29,ACH_DEBIT,452.84,paypal tiktok,Expenses,H,
Checking ...0861,08/10/2026,GOHAN BUFFET SALINAS CA                      08/09,-153.55,DEBIT_CARD,475.13,Food - Eat Out,Expenses,D,Restaurant/fast-food - defaulted to Eat Out; move to Food - Ailynn/Chris/Misc if you know whose order it was
Checking ...0861,08/10/2026,ELPOLLOLOCO ELPOLLOLOCO.O CA                 08/09,-64.45,DEBIT_CARD,628.68,Food - Eat Out,Expenses,D,Restaurant/fast-food - defaulted to Eat Out; move to Food - Ailynn/Chris/Misc if you know whose order it was
Checking ...0861,08/10/2026,GOOGLE *HARNA Workout 855-836-3987 CA        08/09,-14.99,DEBIT_CARD,693.13,Harna fit,Monthly Bills,H,
Checking ...0861,08/10/2026,GIV*FIRST PRESBY 831-4227811 CA              08/09,-20.0,DEBIT_CARD,708.12,Others,Expenses,H,"Recurring $20 church/charitable giving - no matching category in your list, put under Others"
Checking ...0861,08/10/2026,Taptap Send New York NY                      08/09,-16.5,DEBIT_CARD,728.12,Remittance - others,Expenses,R,"Remittance app transfer - recipient not shown; please tell me if this is Aron, Aron's tuition, or someone else"
Checking ...0861,08/10/2026,SQ *MCKAYLA CATERING Salinas CA              08/08,-37.14,DEBIT_CARD,744.62,Food - Eat Out,Expenses,D,
Checking ...0861,08/10/2026,SQ *IVANS BAKED POTATOE Salinas CA           08/08,-18.49,DEBIT_CARD,781.76,Food - Eat Out,Expenses,D,
Checking ...0861,08/10/2026,TRADER JOE S #261 MARINA CA                  08/08,-15.07,DEBIT_CARD,800.25,Groceries - Others,Expenses,H,
Checking ...0861,08/10/2026,TRADER JOE S #261 MARINA CA                  08/08,-10.9,DEBIT_CARD,815.32,Groceries - Others,Expenses,H,
Checking ...0861,08/10/2026,WAL-MART #5751 SALINAS CA                    08/08,-27.66,DEBIT_CARD,826.22,Groceries - Walmart,Expenses,H,
Checking ...0861,08/10/2026,Primo Water Corporatio Vista CA              08/08,-3.1,DEBIT_CARD,853.88,Water,Expenses,H,
Checking ...0861,08/10/2026,Primo Water Corporatio Vista CA              08/08,-3.1,DEBIT_CARD,856.98,Water,Expenses,H,
Checking ...0861,08/10/2026,Primo Water Corporatio Vista CA              08/08,-0.7,DEBIT_CARD,860.08,Water,Expenses,H,
Checking ...0861,08/10/2026,NETFLIX.COM NETFLIX.COM CA                   08/08,-29.98,DEBIT_CARD,860.78,Netflix,Monthly Bills,H,
Checking ...0861,08/10/2026,CANNERY ROW GARAGE 8316463953 CA             08/07,-5.0,DEBIT_CARD,890.76,For Car,Expenses,D,"Parking charge, defaulted to For Car"
Checking ...0861,08/10/2026,Ghirardelli Monterey Monterey CA             08/08,-42.28,DEBIT_CARD,895.76,Food - Eat Out,Expenses,D,Restaurant/fast-food - defaulted to Eat Out; move to Food - Ailynn/Chris/Misc if you know whose order it was
Checking ...0861,08/10/2026,TST*LOUIE LINGUINIS Monterey CA              08/07,-117.0,DEBIT_CARD,938.04,Food - Eat Out,Expenses,D,
Checking ...0861,08/10/2026,McDonalds 2428 SALINAS CA                    08/07,-45.59,DEBIT_CARD,1055.04,Food - Eat Out,Expenses,D,Restaurant/fast-food - defaulted to Eat Out; move to Food - Ailynn/Chris/Misc if you know whose order it was
Checking ...0861,08/10/2026,JOSE REYES REYES PUSH       T43491172-2     CCD ID: 1522304924,200.0,ACH_CREDIT,1100.63,Others - Income,Income,R,"Incoming payment, source unclear"
Checking ...0861,08/10/2026,Zelle payment from RHIAN ABIGAIL ALMO 30348223178,500.0,QUICKPAY_CREDIT,900.63,Others - Income,Income,R,Zelle received - please tell me who this person is so I can map them to a category
Checking ...0861,08/07/2026,PAYPAL           TRANSFER   ADD TO BALANCE  WEB ID: PAYPALSD22,-50.0,ACH_DEBIT,400.63,Transfer - Checking to PayPal,Transfer,H,
Checking ...0861,08/07/2026,Taptap Send New York NY                      08/07,-20.0,DEBIT_CARD,450.63,Remittance - others,Expenses,R,"Remittance app transfer - recipient not shown; please tell me if this is Aron, Aron's tuition, or someone else"
Checking ...0861,08/07/2026,Online Transfer to  SAV ...5953 transaction#: 30221706562,-25.0,ACCT_XFER,470.63,Transfer - Checking to Savings,Transfer,H,
Checking ...0861,08/07/2026,ONEPAY CASHREWRD SYF PAYMNT 552315100369915 WEB ID: 9069872103,-451.55,ACH_DEBIT,495.63,CC - One Pay,Debt,H,
Checking ...0861,08/07/2026,BARCLAYCARD US   CREDITCARD 1442524225      WEB ID: 2510407970,-1099.59,ACH_DEBIT,947.18,CC - Frontier card,Debt,R,"Barclaycard - assumed this is the Frontier Airlines card, please confirm"
Checking ...0861,08/07/2026,WM SUPERCENTER #2458 SALINAS CA              08/06,-17.45,DEBIT_CARD,2046.77,Groceries - Walmart,Expenses,H,
Checking ...0861,08/07/2026,SHELL SERVICE STATION SALINAS CA     653449  08/06,-90.89,DEBIT_CARD,2064.22,Gas,Expenses,D,
Checking ...0861,08/07/2026,PANERA BREAD #606025 K SALINAS CA            08/06,-52.05,DEBIT_CARD,2155.11,Food - Eat Out,Expenses,D,Restaurant/fast-food - defaulted to Eat Out; move to Food - Ailynn/Chris/Misc if you know whose order it was
Checking ...0861,08/06/2026,CHECK 286  08/06,-1800.0,CHECK_PAID,2207.16,Others,Expenses,R,Paper check - payee not shown on the statement; please tell me who checks were written to
Checking ...0861,08/06/2026,CALWATER SERVICE BILLPAY                    PPD ID: 0000000160,-40.84,ACH_DEBIT,4007.16,Cal Water,Monthly Bills,H,
Checking ...0861,08/06/2026,Taptap Send New York NY                      08/06,-49.66,DEBIT_CARD,4048.00,Remittance - others,Expenses,R,"Remittance app transfer - recipient not shown; please tell me if this is Aron, Aron's tuition, or someone else"
Checking ...0861,08/06/2026,FASTRAK CSC 415-486-8655 CA                  08/05,-25.0,DEBIT_CARD,4097.66,Gas,Expenses,D,
Checking ...0861,08/05/2026,AMAZON MARKETPLA INTERNET   043000095498802 WEB ID: 9049016352,-31.53,ACH_DEBIT,4122.66,Shop - Amazon,Expenses,H,
Checking ...0861,08/05/2026,CAPITAL ONE AUTO CARPAY     CP053D3049FF695 WEB ID: 9541719806,-1009.9,ACH_DEBIT,4154.19,Car payment,Monthly Bills,H,
Checking ...0861,08/05/2026,AMAZON PRIME*UQ97P2K Amzn.com/bill WA        08/05,-16.3,DEBIT_CARD,5164.09,Amazon Prime,Monthly Bills,H,
Checking ...0861,08/05/2026,Taptap Send New York NY                      08/05,-66.22,DEBIT_CARD,5180.39,Remittance - others,Expenses,R,"Remittance app transfer - recipient not shown; please tell me if this is Aron, Aron's tuition, or someone else"
Checking ...0861,08/05/2026,IN-N-OUT SALINAS SALINAS CA                  08/04,-31.63,DEBIT_CARD,5246.61,Food - Eat Out,Expenses,D,Restaurant/fast-food - defaulted to Eat Out; move to Food - Ailynn/Chris/Misc if you know whose order it was
Checking ...0861,08/04/2026,PAYPAL           PURCHASE   TIKTOK SHOP     WEB ID: PAYPALSI77,-32.07,ACH_DEBIT,5278.24,paypal tiktok,Expenses,H,
Checking ...0861,08/04/2026,PAYPAL           TRANSFER                   PPD ID: PAYPALSD11,1828.0,ACH_CREDIT,5310.31,Transfer - PayPal to Checking,Transfer,H,
Checking ...0861,08/03/2026,WAL-MART #5751 SALINAS CA                    08/03,-3.2,DEBIT_CARD,3482.31,Groceries - Walmart,Expenses,H,
Checking ...0861,08/03/2026,PAYPAL           PURCHASE   TIKTOK SHOP     WEB ID: PAYPALSI77,-2.52,ACH_DEBIT,3485.51,paypal tiktok,Expenses,H,
Checking ...0861,08/03/2026,PREMIER BANKCARD AUTOPAY    G     339357146 WEB ID: 2470535472,-6.31,ACH_DEBIT,3488.03,CC - FPB,Debt,H,
Checking ...0861,08/03/2026,PAYPAL           PURCHASE   TIKTOK SHOP     WEB ID: PAYPALSI77,-12.5,ACH_DEBIT,3494.34,paypal tiktok,Expenses,H,
Checking ...0861,08/03/2026,AMAZON MARKETPLA INTERNET   043000092276496 WEB ID: 9049016352,-19.24,ACH_DEBIT,3506.84,Shop - Amazon,Expenses,H,
Checking ...0861,08/03/2026,MCDONALD'S F7605 KING CITY CA                08/02,-37.48,DEBIT_CARD,3526.08,Food - Eat Out,Expenses,D,Restaurant/fast-food - defaulted to Eat Out; move to Food - Ailynn/Chris/Misc if you know whose order it was
Checking ...0861,08/03/2026,SQ *LAKE NACIMIENTO San Mateo CA             08/02,-19.0,DEBIT_CARD,3563.56,Food - Eat Out,Expenses,D,
Checking ...0861,08/03/2026,FOODSCO #0387 SOLEDAD CA                     08/02,-34.6,DEBIT_CARD,3582.56,Groceries - Others,Expenses,H,
Checking ...0861,08/03/2026,SUBWAY 30008 SOLEDAD CA                      08/02,-44.43,DEBIT_CARD,3617.16,Food - Eat Out,Expenses,D,Restaurant/fast-food - defaulted to Eat Out; move to Food - Ailynn/Chris/Misc if you know whose order it was
Checking ...0861,08/03/2026,SP+AFF * HOWLER BIKE 855-423-3729 CA         08/02,-47.93,DEBIT_CARD,3661.59,For Bike,Expenses,H,
Checking ...0861,08/03/2026,GIV*FIRST PRESBY 831-4227811 CA              08/02,-20.0,DEBIT_CARD,3709.52,Others,Expenses,H,"Recurring $20 church/charitable giving - no matching category in your list, put under Others"
Checking ...0861,08/03/2026,WM SUPERCENTER #5751 SALINAS CA              08/01,-13.35,DEBIT_CARD,3729.52,Groceries - Walmart,Expenses,H,
Checking ...0861,08/03/2026,HARBOR FREIGHT TOOLS U SALINAS CA            08/01,-89.55,DEBIT_CARD,3742.87,Others,Expenses,D,Home-improvement store - no matching category in your list
Checking ...0861,08/03/2026,WM SUPERCENTER #2458 SALINAS CA              08/01,-112.97,DEBIT_CARD,3832.42,Groceries - Walmart,Expenses,H,
Checking ...0861,08/03/2026,KFC #129 https://prod. CA                    08/01,-58.62,DEBIT_CARD,3945.39,Food - Eat Out,Expenses,D,Restaurant/fast-food - defaulted to Eat Out; move to Food - Ailynn/Chris/Misc if you know whose order it was
Checking ...0861,08/03/2026,PETSMART # 0074 SALINAS CA           073500  08/01,-69.89,DEBIT_CARD,4004.01,Others,Expenses,D,Pet supplies - no matching category in your list
Checking ...0861,08/03/2026,3404 EL POLLO LOCO SALINAS CA                08/01,-30.02,DEBIT_CARD,4073.90,Others,Expenses,R,Unrecognized charge - please tell me what this is
Checking ...0861,08/03/2026,Klarna*Klarna Columbus OH                    07/31,-24.83,DEBIT_CARD,4103.92,Klarna,Debt,H,
Checking ...0861,08/03/2026,EXXON SALINAS MAIN INC SALINAS CA            07/31,-80.72,DEBIT_CARD,4128.75,Gas,Expenses,D,
Checking ...0861,08/03/2026,KLARNA*KLARNA WWW.KLARNA.CO DE               07/31,-7.34,DEBIT_CARD,4209.47,Klarna,Debt,H,
Checking ...0861,08/03/2026,IHOP #0660 SALINAS CA                        07/31,-58.09,DEBIT_CARD,4216.81,Food - Eat Out,Expenses,D,Restaurant/fast-food - defaulted to Eat Out; move to Food - Ailynn/Chris/Misc if you know whose order it was
Checking ...0861,08/03/2026,TEAMSTERS        PAYMENTS                   PPD ID: 3046100016,4274.9,ACH_CREDIT,4274.90,Chris - Pension,Income,R,"Recurring ~$4,275 credit - assumed this is Chris' Teamsters pension, please confirm"
Checking ...0861,07/31/2026,PAYPAL           PURCHASE   TIKTOK SHOP     WEB ID: PAYPALSI77,-40.4,ACH_DEBIT,0.00,paypal tiktok,Expenses,H,
Checking ...0861,07/31/2026,PAYPAL           PURCHASE   TIKTOK SHOP     WEB ID: PAYPALSI77,-58.21,ACH_DEBIT,40.40,paypal tiktok,Expenses,H,
Checking ...0861,07/31/2026,Zelle payment to ANGELIE JPM99cr8lavg,-20.0,CHASE_TO_PARTNERFI,98.61,Others,Expenses,R,Zelle sent - please tell me who this person is so I can map them to a category
Checking ...0861,07/31/2026,PAYPAL           TRANSFER   ADD TO BALANCE  WEB ID: PAYPALSD22,-50.0,ACH_DEBIT,118.61,Transfer - Checking to PayPal,Transfer,H,
Checking ...0861,07/31/2026,PAYPAL           PURCHASE   TIKTOK SHOP     WEB ID: PAYPALSI77,-22.84,ACH_DEBIT,168.61,paypal tiktok,Expenses,H,
Checking ...0861,07/31/2026,WHATNOT WHATNOT.COM CA                       07/31,-35.27,DEBIT_CARD,191.45,Shop - Whatnot,Expenses,H,
Checking ...0861,07/31/2026,WHATNOT WHATNOT.COM CA                       07/31,-32.28,DEBIT_CARD,226.72,Shop - Whatnot,Expenses,H,
Checking ...0861,07/31/2026,GOHAN BUFFET SALINAS CA                      07/30,-89.95,DEBIT_CARD,259.00,Food - Eat Out,Expenses,D,Restaurant/fast-food - defaulted to Eat Out; move to Food - Ailynn/Chris/Misc if you know whose order it was
Checking ...0861,07/31/2026,SP+AFF* AEROFLOWDYNAMI AFFIRM.COM CA         07/30,-19.56,DEBIT_CARD,348.95,Affirm,Debt,H,
Checking ...0861,07/31/2026,WILLA A HISLE OD SALINAS CA                  07/30,-210.0,DEBIT_CARD,368.51,Others,Expenses,R,Unrecognized charge - please tell me what this is
Checking ...0861,07/31/2026,THE UPS STORE 7054 831-7899400 CA            07/30,-6.23,DEBIT_CARD,578.51,Others,Expenses,D,Shipping/postal
Checking ...0861,07/31/2026,GOOGLE *Google One 855-836-3987 CA           07/30,-2.99,DEBIT_CARD,584.74,Google 1,Monthly Bills,H,
Checking ...0861,07/31/2026,ODP TRANSFER FROM SAVINGS ...5953,587.73,MISC_CREDIT,587.73,Transfer - Savings to Checking,Transfer,H,Overdraft-protection auto-pull from savings
Checking ...0861,07/30/2026,CHECK 284,-500.0,CHECK_PAID,0.00,Others,Expenses,R,Paper check - payee not shown on the statement; please tell me who checks were written to
Checking ...0861,07/30/2026,STARBUCKS 8007827282 800-782-7282 WA         07/30,-10.0,DEBIT_CARD,500.00,Food - Eat Out,Expenses,D,Restaurant/fast-food - defaulted to Eat Out; move to Food - Ailynn/Chris/Misc if you know whose order it was
Checking ...0861,07/30/2026,ODP TRANSFER FROM SAVINGS ...5953,510.0,MISC_CREDIT,510.00,Transfer - Savings to Checking,Transfer,H,Overdraft-protection auto-pull from savings
Checking ...0861,07/29/2026,WM SUPERCENTER #5751 SALINAS CA              07/29,-29.43,DEBIT_CARD,0.00,Groceries - Walmart,Expenses,H,
Checking ...0861,07/29/2026,COSTCO WHSE #0472 SALINAS CA         889351  07/29,-26.21,DEBIT_CARD,29.43,Groceries - Costco,Expenses,H,
Checking ...0861,07/29/2026,COMCAST-XFINITY  CABLE SVCS                 PPD ID: 0000213249,-139.72,ACH_DEBIT,55.64,Comcast,Monthly Bills,H,
Checking ...0861,07/29/2026,AMAZON MARKETPLA INTERNET   043000097671174 WEB ID: 9049016352,-18.48,ACH_DEBIT,195.36,Shop - Amazon,Expenses,H,
Checking ...0861,07/29/2026,60774 - SFO PARKING SAN FRANCISCO CA         07/29,-8.0,DEBIT_CARD,213.84,For Car,Expenses,D,"Parking charge, defaulted to For Car"
Checking ...0861,07/29/2026,STEVE'S FILIPINO ASIAN SALINAS CA            07/28,-36.02,DEBIT_CARD,221.84,Groceries - Steves,Expenses,H,
Checking ...0861,07/29/2026,CVS/PHARMACY #09186 SALINAS CA               07/28,-1.6,DEBIT_CARD,257.86,CVS,Expenses,H,
Checking ...0861,07/29/2026,ODP TRANSFER FROM SAVINGS ...5953,259.46,MISC_CREDIT,259.46,Transfer - Savings to Checking,Transfer,H,Overdraft-protection auto-pull from savings
Checking ...0861,07/28/2026,PAYPAL           PURCHASE   TIKTOK SHOP     WEB ID: PAYPALSI77,-16.66,ACH_DEBIT,0.00,paypal tiktok,Expenses,H,
Checking ...0861,07/28/2026,PAYPAL           PURCHASE   TIKTOK SHOP     WEB ID: PAYPALSI77,-28.81,ACH_DEBIT,16.66,paypal tiktok,Expenses,H,
Checking ...0861,07/28/2026,PAYPAL           PURCHASE   TIKTOK SHOP     WEB ID: PAYPALSI77,-37.51,ACH_DEBIT,45.47,paypal tiktok,Expenses,H,
Checking ...0861,07/28/2026,SALINAS SINCLAI SALINAS CA                   07/28,-63.03,DEBIT_CARD,82.98,Gas,Expenses,D,
Checking ...0861,07/28/2026,AFFIRM.COM PAYME AFFIRM.COM ST-M0I8L5P0F4K8 WEB ID: 1800948598,-38.21,ACH_DEBIT,146.01,Affirm,Debt,H,
Checking ...0861,07/28/2026,MISSION LANE     EDI PYMNTS                 PPD ID: 2832674981,-99.72,ACH_DEBIT,184.22,CC - Mission Lane,Debt,H,
Checking ...0861,07/28/2026,ODP TRANSFER FROM SAVINGS ...5953,283.94,MISC_CREDIT,283.94,Transfer - Savings to Checking,Transfer,H,Overdraft-protection auto-pull from savings
Checking ...0861,07/27/2026,CAPITAL ONE      MOBILE PMT CA0F48E46A55E2F WEB ID: 9279744380,-1477.9,ACH_DEBIT,0.00,CC - Capital 1,Debt,H,
Checking ...0861,07/27/2026,PAYPAL           PURCHASE   GOOGLE BYTEDANC WEB ID: PAYPALSI77,-9.19,ACH_DEBIT,1477.90,Others,Expenses,R,"Subscription/purchase via PayPal (Apple, Etsy, Google apps, Lyft, AARP, etc.) - no matching category"
Checking ...0861,07/27/2026,PAYPAL           PURCHASE   GOOGLE YESOULFI WEB ID: PAYPALSI77,-13.99,ACH_DEBIT,1487.09,Yesoulfitness,Monthly Bills,H,
Checking ...0861,07/27/2026,PAYPAL           PURCHASE   GOOGLE YOUTUBE  WEB ID: PAYPALSI77,-15.99,ACH_DEBIT,1501.08,YT Premium,Monthly Bills,H,
Checking ...0861,07/27/2026,VERIZON WIRELESS PAYMENTS                   PPD ID: 4223344794,-390.62,MISC_DEBIT,1517.07,Verizon,Monthly Bills,H,
Checking ...0861,07/27/2026,Taptap Send New York NY                      07/26,-196.07,DEBIT_CARD,1907.69,Remittance - others,Expenses,R,"Remittance app transfer - recipient not shown; please tell me if this is Aron, Aron's tuition, or someone else"
Checking ...0861,07/27/2026,GIV*FIRST PRESBY 831-4227811 CA              07/26,-20.0,DEBIT_CARD,2103.76,Others,Expenses,H,"Recurring $20 church/charitable giving - no matching category in your list, put under Others"
Checking ...0861,07/27/2026,CHEVRON 0305025 VALENCIA CA                  07/26,-62.2,DEBIT_CARD,2123.76,Gas,Expenses,D,
Checking ...0861,07/27/2026,TST* JINCOOK - GLENDALE GLENDALE CA          07/26,-196.02,DEBIT_CARD,2185.96,Food - Eat Out,Expenses,D,
Checking ...0861,07/27/2026,PAYBYPHONE US-CITY OF 877-6102054 CA         07/25,-8.7,DEBIT_CARD,2381.98,For Car,Expenses,D,"Parking charge, defaulted to For Car"
Checking ...0861,07/27/2026,IHOP 0771 STEVENSON RAN CA                   07/25,-84.25,DEBIT_CARD,2390.68,Food - Eat Out,Expenses,D,Restaurant/fast-food - defaulted to Eat Out; move to Food - Ailynn/Chris/Misc if you know whose order it was
Checking ...0861,07/27/2026,WM SUPERCENTER #5751 SALINAS CA              07/25,-15.86,DEBIT_CARD,2474.93,Groceries - Walmart,Expenses,H,
Checking ...0861,07/27/2026,WAL-MART #5751 SALINAS CA                    07/25,-27.71,DEBIT_CARD,2490.79,Groceries - Walmart,Expenses,H,
Checking ...0861,07/27/2026,SHELL SERVICE STATION SOLEDAD CA     873612  07/25,-72.99,DEBIT_CARD,2518.50,Gas,Expenses,D,
Checking ...0861,07/27/2026,SHELL SERVICE STATION SOLEDAD CA     047232  07/25,-14.51,DEBIT_CARD,2591.49,Gas,Expenses,D,
Checking ...0861,07/27/2026,ROSS STORES #523 SALINAS CA                  07/24,-59.86,DEBIT_CARD,2606.00,Shop - Ross,Expenses,H,
Checking ...0861,07/27/2026,SQ *PANADERIA TRES HERM Salinas CA           07/24,-12.5,DEBIT_CARD,2665.86,Food - Eat Out,Expenses,D,
Checking ...0861,07/27/2026,TST*MISSION STREET BBQ Santa Cruz CA         07/24,-31.91,DEBIT_CARD,2678.36,Food - Eat Out,Expenses,D,Restaurant/fast-food - defaulted to Eat Out; move to Food - Ailynn/Chris/Misc if you know whose order it was
Checking ...0861,07/27/2026,Zelle payment from Katrina T Perez USBNb4JsqBDz,50.0,PARTNERFI_TO_CHASE,2710.27,Others - Income,Income,R,Zelle received - please tell me who this person is so I can map them to a category
Checking ...0861,07/27/2026,ODP TRANSFER FROM SAVINGS ...5953,2216.33,MISC_CREDIT,2660.27,Transfer - Savings to Checking,Transfer,H,Overdraft-protection auto-pull from savings
Checking ...0861,07/24/2026,CVS/PHARMACY #09186 SALINAS CA               07/24,-37.89,DEBIT_CARD,443.94,CVS,Expenses,H,
Checking ...0861,07/24/2026,PAYPAL           TRANSFER   ADD TO BALANCE  WEB ID: PAYPALSD22,-50.0,ACH_DEBIT,481.83,Transfer - Checking to PayPal,Transfer,H,
Checking ...0861,07/24/2026,Zelle payment to RHIAN ALMO 30135285573,-23.0,QUICKPAY_DEBIT,531.83,Others,Expenses,R,Zelle sent - please tell me who this person is so I can map them to a category
Checking ...0861,07/24/2026,Online Transfer to  SAV ...5953 transaction#: 30041024561,-25.0,ACCT_XFER,554.83,Transfer - Checking to Savings,Transfer,H,
Checking ...0861,07/24/2026,AMAZON MARKETPLA INTERNET   043000092701152 WEB ID: 9049016352,-43.49,ACH_DEBIT,579.83,Shop - Amazon,Expenses,H,
Checking ...0861,07/24/2026,MCDONALD'S F2428 SALINAS CA                  07/23,-46.39,DEBIT_CARD,623.32,Food - Eat Out,Expenses,D,Restaurant/fast-food - defaulted to Eat Out; move to Food - Ailynn/Chris/Misc if you know whose order it was
Checking ...0861,07/23/2026,PAYPAL           PURCHASE   TIKTOK SHOP     WEB ID: PAYPALSI77,-48.28,ACH_DEBIT,669.71,paypal tiktok,Expenses,H,
Checking ...0861,07/23/2026,PAYPAL           PURCHASE   TIKTOK SHOP     WEB ID: PAYPALSI77,-32.63,ACH_DEBIT,717.99,paypal tiktok,Expenses,H,
Checking ...0861,07/23/2026,PAYPAL           PURCHASE   TIKTOK SHOP     WEB ID: PAYPALSI77,-44.86,ACH_DEBIT,750.62,paypal tiktok,Expenses,H,
Checking ...0861,07/23/2026,Taptap Send New York NY                      07/23,-22.0,DEBIT_CARD,795.48,Remittance - others,Expenses,R,"Remittance app transfer - recipient not shown; please tell me if this is Aron, Aron's tuition, or someone else"
Checking ...0861,07/23/2026,GOOGLE *Life360 Famil 855-836-3987 CA        07/23,-13.79,DEBIT_CARD,817.48,Life 360,Monthly Bills,H,
Checking ...0861,07/23/2026,SUDZ LLC SALINAS CA                          07/22,-6.25,DEBIT_CARD,831.27,Shop - Others,Expenses,D,
Checking ...0861,07/23/2026,TST*MISSION STREET BBQ Santa Cruz CA         07/22,-22.78,DEBIT_CARD,837.52,Food - Eat Out,Expenses,D,Restaurant/fast-food - defaulted to Eat Out; move to Food - Ailynn/Chris/Misc if you know whose order it was
Checking ...0861,07/23/2026,SP+AFF * WRXDAILY 855-423-3729 CA            07/21,-220.95,DEBIT_CARD,860.30,Shop - Others,Expenses,R,Small online-shop charge via an affiliate/Affirm-style processor - description doesn't name the actual store
Checking ...0861,07/22/2026,Online Payment 30106204002 To PACIFIC GAS & ELECTRIC (PG&E) 07/22,-207.11,BILLPAY,1081.25,PGE,Monthly Bills,H,
Checking ...0861,07/22/2026,Zelle payment to RHIAN ALMO 30105955686,-31.0,QUICKPAY_DEBIT,1288.36,Others,Expenses,R,Zelle sent - please tell me who this person is so I can map them to a category
Checking ...0861,07/22/2026,AMAZON MARKETPLA INTERNET   043000091283100 WEB ID: 9049016352,-36.96,ACH_DEBIT,1319.36,Shop - Amazon,Expenses,H,
Checking ...0861,07/22/2026,Primo Water Corporatio Vista CA              07/22,-3.1,DEBIT_CARD,1356.32,Water,Expenses,H,
Checking ...0861,07/22/2026,Primo Water Corporatio Vista CA              07/22,-3.1,DEBIT_CARD,1359.42,Water,Expenses,H,
Checking ...0861,07/22/2026,SHELL OIL 10010249000 GILROY CA              07/21,-75.45,DEBIT_CARD,1362.52,Gas,Expenses,D,
Checking ...0861,07/22/2026,Taptap Send New York NY                      07/22,-29.5,DEBIT_CARD,1437.97,Remittance - others,Expenses,R,"Remittance app transfer - recipient not shown; please tell me if this is Aron, Aron's tuition, or someone else"
Checking ...0861,07/22/2026,JOLLIBEE MILPITAS CA                         07/21,-38.49,DEBIT_CARD,1467.47,Food - Eat Out,Expenses,D,Restaurant/fast-food - defaulted to Eat Out; move to Food - Ailynn/Chris/Misc if you know whose order it was
Checking ...0861,07/22/2026,COCA COLA SAN JOSE SAN JOSE CA               07/21,-8.0,DEBIT_CARD,1505.96,Food - Eat Out,Expenses,D,Restaurant/fast-food - defaulted to Eat Out; move to Food - Ailynn/Chris/Misc if you know whose order it was
Checking ...0861,07/22/2026,Columbia 442 Milpitas CA                     07/22,-108.99,DEBIT_CARD,1513.96,Others,Expenses,R,Unrecognized charge - please tell me what this is
Checking ...0861,07/22/2026,Uniqlo USA LLC UNIQLO_U MILPITAS CA          07/21,-16.49,DEBIT_CARD,1622.95,Shop - Others,Expenses,D,
Checking ...0861,07/21/2026,PAYPAL           INST XFER  PPCR CC REPAYME WEB ID: PAYPALSI77,-35.04,ACH_DEBIT,1639.44,CC - paypal,Debt,H,
Checking ...0861,07/21/2026,NOB HILL FOODS 607 SALINAS CA        651529  07/21,-30.03,DEBIT_CARD,1674.48,Groceries - Others,Expenses,H,
Checking ...0861,07/21/2026,SUBWAY 40507 SALINAS CA                      07/20,-34.97,DEBIT_CARD,1704.51,Food - Eat Out,Expenses,D,Restaurant/fast-food - defaulted to Eat Out; move to Food - Ailynn/Chris/Misc if you know whose order it was
Checking ...0861,07/21/2026,ABC*P 00993 PF SALINAS SALINAS CA            07/20,-58.0,DEBIT_CARD,1739.48,Food - Eat Out,Expenses,D,
Checking ...0861,07/21/2026,DD *DOORDASH DIMSUMIN 855-431-0459 CA        07/21,-80.52,DEBIT_CARD,1797.48,Food - To go,Expenses,H,
Checking ...0861,07/21/2026,Zelle payment from RHIAN ABIGAIL ALMO 30096874179,50.0,QUICKPAY_CREDIT,1878.00,Others - Income,Income,R,Zelle received - please tell me who this person is so I can map them to a category
Checking ...0861,07/21/2026,PAYPAL           TRANSFER                   PPD ID: PAYPALSD11,1828.0,ACH_CREDIT,1828.00,Transfer - PayPal to Checking,Transfer,H,
Checking ...0861,07/20/2026,AFFIRM.COM PAYME AFFIRM.COM ST-D1O6C6T1W5L9 WEB ID: 1800948598,-68.11,ACH_DEBIT,0.00,Affirm,Debt,H,
Checking ...0861,07/20/2026,AFFIRM.COM PAYME AFFIRM.COM ST-R1Y0L5G3A6O6 WEB ID: 1800948598,-213.31,ACH_DEBIT,68.11,Affirm,Debt,H,
Checking ...0861,07/20/2026,AMAZON MARKETPLA INTERNET   043000096650126 WEB ID: 9049016352,-35.12,ACH_DEBIT,281.42,Shop - Amazon,Expenses,H,
Checking ...0861,07/20/2026,AFFIRM.COM PAYME AFFIRM.COM ST-J6V3O8M4X7U8 WEB ID: 4270465600,-98.59,ACH_DEBIT,316.54,Affirm,Debt,H,
Checking ...0861,07/20/2026,SAFEWAY #1232 KING CITY CA                   07/19,-30.0,DEBIT_CARD,415.13,Groceries - Safeway,Expenses,H,
Checking ...0861,07/20/2026,MADONNA INN - BK SAN LUIS OBIS CA            07/20,-60.0,DEBIT_CARD,445.13,Vacation,Expenses,D,"Hotel/travel-city charge, looks like part of a trip"
Checking ...0861,07/20/2026,MADONNA INN - MGS SAN LUIS OBIS CA   971101  07/19,-7.61,DEBIT_CARD,505.13,Vacation,Expenses,D,"Hotel/travel-city charge, looks like part of a trip"
Checking ...0861,07/20/2026,GIV*FIRST PRESBY 831-4227811 CA              07/19,-20.0,DEBIT_CARD,512.74,Others,Expenses,H,"Recurring $20 church/charitable giving - no matching category in your list, put under Others"
Checking ...0861,07/20/2026,TST*OLD CUSTOM HOUSE Avila Beach CA          07/18,-42.67,DEBIT_CARD,532.74,Food - Eat Out,Expenses,D,
Checking ...0861,07/20/2026,Taptap Send New York NY                      07/18,-300.0,DEBIT_CARD,575.41,Remittance - others,Expenses,R,"Remittance app transfer - recipient not shown; please tell me if this is Aron, Aron's tuition, or someone else"
Checking ...0861,07/20/2026,Tommy Hilfiger Pismo Beach CA                07/18,-38.62,DEBIT_CARD,875.41,Shop - Others,Expenses,D,
Checking ...0861,07/20/2026,TST*WOOLYS THE OYSTER Pismo Beach CA         07/18,-44.33,DEBIT_CARD,914.03,Food - Eat Out,Expenses,D,
Checking ...0861,07/20/2026,BOARDWALK PLAZA PISMO BEACH CA               07/18,-101.68,DEBIT_CARD,958.36,Vacation,Expenses,D,"Hotel/travel-city charge, looks like part of a trip"
Checking ...0861,07/20/2026,CITY PISMO BEACH - PAR PISMO BEACH CA        07/18,-15.0,DEBIT_CARD,1060.04,Vacation,Expenses,D,"Hotel/travel-city charge, looks like part of a trip"
Checking ...0861,07/20/2026,SHELL SERVICE STATION SOLEDAD CA     634648  07/18,-74.34,DEBIT_CARD,1075.04,Gas,Expenses,D,
Checking ...0861,07/20/2026,Primo Water Corporatio Vista CA              07/18,-3.1,DEBIT_CARD,1149.38,Water,Expenses,H,
Checking ...0861,07/20/2026,LA SALON AND SPA SALINAS CA                  07/17,-25.0,DEBIT_CARD,1152.48,Shop - Others,Expenses,D,
Checking ...0861,07/20/2026,STEVE'S FILIPINO ASIAN SALINAS CA            07/17,-24.31,DEBIT_CARD,1177.48,Groceries - Steves,Expenses,H,
Checking ...0861,07/20/2026,KLARNA*KLARNA WWW.KLARNA.CO DE               07/17,-24.83,DEBIT_CARD,1201.79,Klarna,Debt,H,
Checking ...0861,07/20/2026,Zelle payment from KYLA MARIE TUAZON PEREZ 29678653242,100.0,QUICKPAY_CREDIT,1226.62,Others - Income,Income,R,Zelle received - please tell me who this person is so I can map them to a category
Checking ...0861,07/20/2026,Zelle payment from ANGELYNN FLORA PNCAA0bnH49M,100.0,PARTNERFI_TO_CHASE,1126.62,Others - Income,Income,R,Zelle received - please tell me who this person is so I can map them to a category
Checking ...0861,07/20/2026,ODP TRANSFER FROM SAVINGS ...5953,1026.62,MISC_CREDIT,1026.62,Transfer - Savings to Checking,Transfer,H,Overdraft-protection auto-pull from savings
Checking ...0861,07/17/2026,PAYPAL           PURCHASE   TIKTOK SHOP     WEB ID: PAYPALSI77,-5.4,ACH_DEBIT,0.00,paypal tiktok,Expenses,H,
Checking ...0861,07/17/2026,PAYPAL           PURCHASE   TIKTOK SHOP     WEB ID: PAYPALSI77,-13.42,ACH_DEBIT,5.40,paypal tiktok,Expenses,H,
Checking ...0861,07/17/2026,PAYPAL           PURCHASE   TIKTOK SHOP     WEB ID: PAYPALSI77,-16.1,ACH_DEBIT,18.82,paypal tiktok,Expenses,H,
Checking ...0861,07/17/2026,PAYPAL           PURCHASE   TIKTOK SHOP     WEB ID: PAYPALSI77,-35.36,ACH_DEBIT,34.92,paypal tiktok,Expenses,H,
Checking ...0861,07/17/2026,PAYPAL           PURCHASE   GOOGLE STRAVA I WEB ID: PAYPALSI77,-79.99,ACH_DEBIT,70.28,Others,Expenses,R,"Subscription/purchase via PayPal (Apple, Etsy, Google apps, Lyft, AARP, etc.) - no matching category"
Checking ...0861,07/17/2026,PAYPAL           TRANSFER   ADD TO BALANCE  WEB ID: PAYPALSD22,-50.0,ACH_DEBIT,150.27,Transfer - Checking to PayPal,Transfer,H,
Checking ...0861,07/17/2026,PLANET FITNESS S IClub Fees                 PPD ID: G710602737,-24.99,ACH_DEBIT,200.27,Planet Fitness,Monthly Bills,H,
Checking ...0861,07/17/2026,WM SUPERCENTER #5751 SALINAS CA              07/16,-82.93,DEBIT_CARD,225.26,Groceries - Walmart,Expenses,H,
Checking ...0861,07/17/2026,SALINAS HONDA SALINAS CA                     07/16,-105.18,DEBIT_CARD,308.19,For Car,Expenses,D,"One-off Honda dealer charge (service/parts), not the loan"
Checking ...0861,07/17/2026,Zelle payment from Alvin Anthony Alonzo USA0EF6JARP9,100.0,PARTNERFI_TO_CHASE,413.37,Others - Income,Income,R,Zelle received - please tell me who this person is so I can map them to a category
Checking ...0861,07/17/2026,ODP TRANSFER FROM SAVINGS ...5953,313.37,MISC_CREDIT,313.37,Transfer - Savings to Checking,Transfer,H,Overdraft-protection auto-pull from savings
Checking ...0861,07/16/2026,AFFIRM.COM PAYME AFFIRM.COM ST-U5W0L1V0U0G2 WEB ID: 4270465600,-287.25,ACH_DEBIT,0.00,Affirm,Debt,H,
Checking ...0861,07/16/2026,SQ *PANADERIA TRES HERM Salinas CA           07/15,-13.5,DEBIT_CARD,287.25,Food - Eat Out,Expenses,D,
Checking ...0861,07/16/2026,CVS/PHARMACY #09186 SALINAS CA               07/15,-21.79,DEBIT_CARD,300.75,CVS,Expenses,H,
Checking ...0861,07/16/2026,Chua Tinsay  Vega AP San Francisco CA        07/16,-200.0,DEBIT_CARD,322.54,Atty Chua,Monthly Bills,H,
Checking ...0861,07/16/2026,WINGSTOP 2088 650-019-7954 CA                07/15,-60.32,DEBIT_CARD,522.54,Food - Eat Out,Expenses,D,Restaurant/fast-food - defaulted to Eat Out; move to Food - Ailynn/Chris/Misc if you know whose order it was
Checking ...0861,07/16/2026,Zelle payment from RHIAN ABIGAIL ALMO 30031216025,60.0,QUICKPAY_CREDIT,582.86,Others - Income,Income,R,Zelle received - please tell me who this person is so I can map them to a category
Checking ...0861,07/16/2026,ODP TRANSFER FROM SAVINGS ...5953,522.86,MISC_CREDIT,522.86,Transfer - Savings to Checking,Transfer,H,Overdraft-protection auto-pull from savings
Checking ...0861,07/15/2026,THE HARTFORD     INSPMTA    91402777        TEL ID: 900653231,-472.63,ACH_DEBIT,0.00,Insurance,Monthly Bills,H,
Checking ...0861,07/15/2026,MONTEREY DNTWN GARAGES 8316463953 CA         07/14,-1.0,DEBIT_CARD,472.63,For Car,Expenses,D,"Parking charge, defaulted to For Car"
Checking ...0861,07/15/2026,SQ *NICK THE GREEK Seaside CA                07/14,-53.47,DEBIT_CARD,473.63,Food - Eat Out,Expenses,D,
Checking ...0861,07/15/2026,Primo Water Corporatio Vista CA              07/14,-3.1,DEBIT_CARD,527.10,Water,Expenses,H,
Checking ...0861,07/15/2026,ODP TRANSFER FROM SAVINGS ...5953,530.2,MISC_CREDIT,530.20,Transfer - Savings to Checking,Transfer,H,Overdraft-protection auto-pull from savings
Checking ...0861,07/14/2026,SALINAS SINCLAI SALINAS CA                   07/14,-75.05,DEBIT_CARD,0.00,Gas,Expenses,D,
Checking ...0861,07/14/2026,CITIZENS PAY     LINE OF CR 043000098712338 WEB ID: 9044036180,-1548.76,ACH_DEBIT,75.05,CC - Citizen bank,Debt,H,
Checking ...0861,07/14/2026,Credit One Bank  Payment    46787452        WEB ID: WEB000004,-24.94,ACH_DEBIT,1623.81,CC - Credit 1,Debt,H,
Checking ...0861,07/14/2026,AFFIRM.COM PAYME AFFIRM.COM ST-K9R1M8Q0W5F3 WEB ID: 4270465600,-38.21,ACH_DEBIT,1648.75,Affirm,Debt,H,
Checking ...0861,07/14/2026,Credit One Bank  Payment    54888125        WEB ID: WEB000004,-99.82,ACH_DEBIT,1686.96,CC - Credit 1,Debt,H,
Checking ...0861,07/14/2026,WHATNOT WHATNOT.COM CA                       07/14,-25.48,DEBIT_CARD,1786.78,Shop - Whatnot,Expenses,H,
Checking ...0861,07/14/2026,WHATNOT WHATNOT.COM CA                       07/14,-27.93,DEBIT_CARD,1812.26,Shop - Whatnot,Expenses,H,
Checking ...0861,07/14/2026,Klarna*TikTok Shop Columbus OH               07/13,-7.33,DEBIT_CARD,1840.19,Klarna,Debt,H,
Checking ...0861,07/14/2026,ODP TRANSFER FROM SAVINGS ...5953,1443.43,MISC_CREDIT,1847.52,Transfer - Savings to Checking,Transfer,H,Overdraft-protection auto-pull from savings
Checking ...0861,07/13/2026,PAYPAL           PURCHASE   APPLE.COM BILL  WEB ID: PAYPALSI77,-0.99,ACH_DEBIT,404.09,Others,Expenses,R,"Subscription/purchase via PayPal (Apple, Etsy, Google apps, Lyft, AARP, etc.) - no matching category"
Checking ...0861,07/13/2026,SoFi Bank        TRANSFER   CPerez          WEB ID: 9039430511,-1000.0,MISC_DEBIT,405.08,Transfer - Checking to SoFi/Other,Transfer,R,Large transfer (thousands) to a SoFi/SMBS account - please confirm what this account is
Checking ...0861,07/13/2026,SoFi Bank        TRANSFER   CPerez          WEB ID: 9039430511,-1000.0,MISC_DEBIT,1405.08,Transfer - Checking to SoFi/Other,Transfer,R,Large transfer (thousands) to a SoFi/SMBS account - please confirm what this account is
Checking ...0861,07/13/2026,SoFi Bank        TRANSFER   CPerez          WEB ID: 9039430511,-18000.0,MISC_DEBIT,2405.08,Transfer - Checking to SoFi/Other,Transfer,R,Large transfer (thousands) to a SoFi/SMBS account - please confirm what this account is
Checking ...0861,07/13/2026,AMAZON MARKETPLA INTERNET   043000097602704 WEB ID: 9049016352,-10.86,ACH_DEBIT,20405.08,Shop - Amazon,Expenses,H,
Checking ...0861,07/13/2026,PAYPAL           PURCHASE   TIKTOK SHOP     WEB ID: PAYPALSI77,-20.22,ACH_DEBIT,20415.94,paypal tiktok,Expenses,H,
Checking ...0861,07/13/2026,ONEPAY CASHREWRD PAYMENT    552315100369915 WEB ID: 9130142001,-30.0,ACH_DEBIT,20436.16,CC - One Pay,Debt,H,
Checking ...0861,07/13/2026,LIFE INS OF SW   XXXXXXXXXX                 PPD ID: 1954349000,-205.62,ACH_DEBIT,20466.16,National Life Ins,Monthly Bills,H,
Checking ...0861,07/13/2026,WAL-MART #5751 SALINAS CA                    07/12,-16.78,DEBIT_CARD,20671.78,Groceries - Walmart,Expenses,H,
Checking ...0861,07/13/2026,TAPIOCA DELIGHT SALINAS CA                   07/12,-19.5,DEBIT_CARD,20688.56,Food - Eat Out,Expenses,D,Restaurant/fast-food - defaulted to Eat Out; move to Food - Ailynn/Chris/Misc if you know whose order it was
Checking ...0861,07/13/2026,JACK IN THE BOX 3485 MARINA CA               07/12,-5.88,DEBIT_CARD,20708.06,Food - Eat Out,Expenses,D,Restaurant/fast-food - defaulted to Eat Out; move to Food - Ailynn/Chris/Misc if you know whose order it was
Checking ...0861,07/13/2026,DOLLAR TREE MARINA CA                        07/12,-13.11,DEBIT_CARD,20713.94,Shop - Others,Expenses,D,
Checking ...0861,07/13/2026,GIV*FIRST PRESBY 831-4227811 CA              07/12,-20.0,DEBIT_CARD,20727.05,Others,Expenses,H,"Recurring $20 church/charitable giving - no matching category in your list, put under Others"
Checking ...0861,07/13/2026,CANNERY ROW GARAGE 8316463953 CA             07/11,-5.0,DEBIT_CARD,20747.05,For Car,Expenses,D,"Parking charge, defaulted to For Car"
Checking ...0861,07/13/2026,WM SUPERCENTER #5751 SALINAS CA              07/11,-9.0,DEBIT_CARD,20752.05,Groceries - Walmart,Expenses,H,
Checking ...0861,07/13/2026,WAL-MART #5751 SALINAS CA                    07/11,-9.0,DEBIT_CARD,20761.05,Groceries - Walmart,Expenses,H,
Checking ...0861,07/13/2026,Klarna*Fabletics  LL Columbus OH             07/11,-69.95,DEBIT_CARD,20770.05,Klarna,Debt,H,
Checking ...0861,07/13/2026,BARCLAYCARD US   CREDITCARD 1433713831      WEB ID: 2510407970,-799.42,ACH_DEBIT,20840.00,CC - Frontier card,Debt,R,"Barclaycard - assumed this is the Frontier Airlines card, please confirm"
Checking ...0861,07/13/2026,CITI CARD ONLINE PAYMENT    422062015132951 WEB ID: CITICTP,-1892.24,ACH_DEBIT,21639.42,CC - Citibank,Debt,H,
Checking ...0861,07/13/2026,KLARNA* WHEELTOP.US KLARNA.COM OH            07/11,-66.35,DEBIT_CARD,23531.66,Klarna,Debt,H,
Checking ...0861,07/13/2026,OLIVE GARDEN ZK 0021335 SALINAS CA           07/11,-96.54,DEBIT_CARD,23598.01,Food - Eat Out,Expenses,D,Restaurant/fast-food - defaulted to Eat Out; move to Food - Ailynn/Chris/Misc if you know whose order it was
Checking ...0861,07/13/2026,"SQ *SUBIEEVENTS, LLC gosq.com CO             07/11",-179.98,DEBIT_CARD,23694.55,Food - Eat Out,Expenses,D,
Checking ...0861,07/13/2026,USPS CHANGE OF ADDRES 800-238-3150 TN        07/10,-1.25,DEBIT_CARD,23874.53,Others,Expenses,D,Shipping/postal
Checking ...0861,07/13/2026,SHS*SVMHSCLINICS MONTEREY CA                 07/10,-16.75,DEBIT_CARD,23875.78,Medical,Expenses,H,
Checking ...0861,07/13/2026,TST*MISSION STREET BBQ Santa Cruz CA         07/10,-27.17,DEBIT_CARD,23892.53,Food - Eat Out,Expenses,D,Restaurant/fast-food - defaulted to Eat Out; move to Food - Ailynn/Chris/Misc if you know whose order it was
Checking ...0861,07/13/2026,BADA KITCHEN SEASIDE CA                      07/10,-55.86,DEBIT_CARD,23919.70,Food - Eat Out,Expenses,D,Restaurant/fast-food - defaulted to Eat Out; move to Food - Ailynn/Chris/Misc if you know whose order it was
Checking ...0861,07/13/2026,Zelle payment from KYLA MARIE TUAZON PEREZ 29966357341,21.03,QUICKPAY_CREDIT,23975.56,Others - Income,Income,R,Zelle received - please tell me who this person is so I can map them to a category
Checking ...0861,07/13/2026,REMOTE ONLINE DEPOSIT #          1,333.22,CHECK_DEPOSIT,23954.53,Others - Income,Income,R,Deposit/wire with unclear source
Checking ...0861,07/10/2026,PAYPAL           TRANSFER   ADD TO BALANCE  WEB ID: PAYPALSD22,-50.0,ACH_DEBIT,23621.31,Transfer - Checking to PayPal,Transfer,H,
Checking ...0861,07/10/2026,WF               PAYMENT    39145073        WEB ID: 1272814169,-223.53,ACH_DEBIT,23671.31,Auto Loan - Honda,Debt,R,"Same $ amounts as the Westlake payments below/above - looks like the same auto loan, formerly serviced by 'WF'. Please confirm"
Checking ...0861,07/10/2026,WF               PAYMENT    39145073        WEB ID: 1272814169,-276.43,ACH_DEBIT,23894.84,Auto Loan - Honda,Debt,R,"Same $ amounts as the Westlake payments below/above - looks like the same auto loan, formerly serviced by 'WF'. Please confirm"
Checking ...0861,07/10/2026,Online Payment 29959657091 To ALA 0908 07/10,-706.36,LOAN_PMT,24171.27,Others,Expenses,R,Recurring $706.36/month loan-type payment to 'ALA 0908' - please tell me what this is so I can give it the right category
Checking ...0861,07/10/2026,Online Transfer to  SAV ...5953 transaction#: 29867478630,-25.0,ACCT_XFER,24877.63,Transfer - Checking to Savings,Transfer,H,
Checking ...0861,07/10/2026,NESPRESSO USA INC Wilmington DE              07/10,-39.2,DEBIT_CARD,24902.63,Shop - Others,Expenses,D,
Checking ...0861,07/10/2026,STEVE'S FILIPINO ASIAN SALINAS CA            07/09,-55.24,DEBIT_CARD,24941.83,Groceries - Steves,Expenses,H,
Checking ...0861,07/10/2026,CARLS JR 1100749 SALINAS CA                  07/09,-11.79,DEBIT_CARD,24997.07,Food - Eat Out,Expenses,D,Restaurant/fast-food - defaulted to Eat Out; move to Food - Ailynn/Chris/Misc if you know whose order it was
Checking ...0861,07/10/2026,EXXON SALINAS MAIN INC SALINAS CA            07/09,-78.32,DEBIT_CARD,25008.86,Gas,Expenses,D,
Checking ...0861,07/10/2026,Online Transfer from SAV ...5953 transaction#: 29959811089,2691.66,ACCT_XFER,25087.18,Transfer - Savings to Checking,Transfer,H,
Checking ...0861,07/09/2026,PAYPAL           PURCHASE   TIKTOK SHOP     WEB ID: PAYPALSI77,-13.49,ACH_DEBIT,22395.52,paypal tiktok,Expenses,H,
Checking ...0861,07/09/2026,WAL-MART #5751 SALINAS CA                    07/09,-7.34,DEBIT_CARD,22409.01,Groceries - Walmart,Expenses,H,
Checking ...0861,07/09/2026,THE MAHARLIKA ASIAN ST SALINAS CA    836627  07/09,-26.64,DEBIT_CARD,22416.35,Food - Eat Out,Expenses,D,Restaurant/fast-food - defaulted to Eat Out; move to Food - Ailynn/Chris/Misc if you know whose order it was
Checking ...0861,07/09/2026,Taptap Send New York NY                      07/08,-18.0,DEBIT_CARD,22442.99,Remittance - others,Expenses,R,"Remittance app transfer - recipient not shown; please tell me if this is Aron, Aron's tuition, or someone else"
Checking ...0861,07/09/2026,SMBS Account     TRANSFER   CPerez          WEB ID: 9039430511,10.72,MISC_CREDIT,22460.99,Transfer - Checking to SoFi/Other,Transfer,R,Large transfer (thousands) to a SoFi/SMBS account - please confirm what this account is
Checking ...0861,07/08/2026,NOB HILL FOODS 607 SALINAS CA        155100  07/08,-17.84,DEBIT_CARD,22450.27,Groceries - Others,Expenses,H,
Checking ...0861,07/08/2026,TARGET T-1062 SAND CITY CA                   07/08,-32.02,DEBIT_CARD,22468.11,Shop - Others,Expenses,D,
Checking ...0861,07/08/2026,"PIERCE CO., LP SALINAS CA                    07/08 Purchase $5.01 Cash Back $10.00",-15.01,DEBIT_CARD,22500.13,Others,Expenses,R,Unclear what this business is
Checking ...0861,07/08/2026,CAPITAL ONE AUTO CARPAY     CP0CF0B8B6A2487 WEB ID: 9541719806,-709.9,ACH_DEBIT,22515.14,Car payment,Monthly Bills,H,
Checking ...0861,07/08/2026,NETFLIX.COM NETFLIX.COM CA                   07/08,-29.98,DEBIT_CARD,23225.04,Netflix,Monthly Bills,H,
Checking ...0861,07/08/2026,WAL-MART #4488 MARINA CA                     07/07,-107.37,DEBIT_CARD,23255.02,Groceries - Walmart,Expenses,H,
Checking ...0861,07/08/2026,MONTEREY DNTWN GARAGES 8316463953 CA         07/07,-2.0,DEBIT_CARD,23362.39,For Car,Expenses,D,"Parking charge, defaulted to For Car"
Checking ...0861,07/08/2026,MANASIRI'S CREPES & SAN MONTEREY CA          07/07,-22.59,DEBIT_CARD,23364.39,Food - Eat Out,Expenses,D,Restaurant/fast-food - defaulted to Eat Out; move to Food - Ailynn/Chris/Misc if you know whose order it was
Checking ...0861,07/08/2026,TST*ALVARADO STREET BRE Monterey CA          07/07,-100.0,DEBIT_CARD,23386.98,Food - Eat Out,Expenses,D,
Checking ...0861,07/08/2026,SQ *TAEVADA TREATS Seaside CA                07/07,-21.0,DEBIT_CARD,23486.98,Food - Eat Out,Expenses,D,
Checking ...0861,07/08/2026,Primo Water Corporatio Vista CA              07/07,-3.1,DEBIT_CARD,23507.98,Water,Expenses,H,
Checking ...0861,07/08/2026,Primo Water Corporatio Vista CA              07/07,-3.1,DEBIT_CARD,23511.08,Water,Expenses,H,
Checking ...0861,07/08/2026,Zelle payment from RHIAN ABIGAIL ALMO 29923876546,25.0,QUICKPAY_CREDIT,23514.18,Others - Income,Income,R,Zelle received - please tell me who this person is so I can map them to a category
Checking ...0861,07/08/2026,JOSE REYES REYES PUSH       T42659917-2     CCD ID: 1522304924,800.0,ACH_CREDIT,23489.18,Others - Income,Income,R,"Incoming payment, source unclear"
Checking ...0861,07/08/2026,SMBS Account     TRANSFER   CPerez          WEB ID: 9039430511,20065.29,ACH_CREDIT,22689.18,Transfer - Checking to SoFi/Other,Transfer,R,Large transfer (thousands) to a SoFi/SMBS account - please confirm what this account is
Checking ...0861,07/08/2026,WHATNOT SAN FRANCISCO CA                     07/07,27.19,DEBIT_CARD,2623.89,Shop - Whatnot,Expenses,H,
Checking ...0861,07/08/2026,WHATNOT SAN FRANCISCO CA                     07/07,34.07,DEBIT_CARD,2596.70,Shop - Whatnot,Expenses,H,
Checking ...0861,07/08/2026,WHATNOT SAN FRANCISCO CA                     07/07,39.07,DEBIT_CARD,2562.63,Shop - Whatnot,Expenses,H,
Checking ...0861,07/08/2026,WHATNOT SAN FRANCISCO CA                     07/07,42.81,DEBIT_CARD,2523.56,Shop - Whatnot,Expenses,H,
Checking ...0861,07/07/2026,Zelle payment to KYLE KROMER JPM99coopvat,-100.0,CHASE_TO_PARTNERFI,2480.75,Others,Expenses,R,Zelle sent - please tell me who this person is so I can map them to a category
Checking ...0861,07/07/2026,Zelle payment to KYLE KROMER JPM99coo009q,-200.0,CHASE_TO_PARTNERFI,2580.75,Others,Expenses,R,Zelle sent - please tell me who this person is so I can map them to a category
Checking ...0861,07/07/2026,CHECK 358  07/07,-2200.0,CHECK_PAID,2780.75,Others,Expenses,R,Paper check - payee not shown on the statement; please tell me who checks were written to
Checking ...0861,07/07/2026,CALWATER SERVICE BILLPAY                    PPD ID: 0000000160,-47.8,ACH_DEBIT,4980.75,Cal Water,Monthly Bills,H,
Checking ...0861,07/07/2026,SAFEWAY #1110 SALINAS CA                     07/06,-79.96,DEBIT_CARD,5028.55,Groceries - Safeway,Expenses,H,
Checking ...0861,07/07/2026,USPS CHANGE OF ADDRES 800-238-3150 TN        07/06,-1.25,DEBIT_CARD,5108.51,Others,Expenses,D,Shipping/postal
Checking ...0861,07/06/2026,CHECK 357,-500.0,CHECK_PAID,5109.76,Others,Expenses,R,Paper check - payee not shown on the statement; please tell me who checks were written to
Checking ...0861,07/06/2026,T.J. MAXX #1604 HOLLISTER CA                 07/06,-103.07,DEBIT_CARD,5609.76,Shop - Others,Expenses,D,
Checking ...0861,07/06/2026,IN-N-OUT NEWHALL NEWHALL CA                  07/05,-41.43,DEBIT_CARD,5712.83,Food - Eat Out,Expenses,D,Restaurant/fast-food - defaulted to Eat Out; move to Food - Ailynn/Chris/Misc if you know whose order it was
Checking ...0861,07/06/2026,EXXON NEWHALL PETROLEUM NEWHALL CA           07/05,-59.58,DEBIT_CARD,5754.26,Gas,Expenses,D,
Checking ...0861,07/06/2026,KIPLING #5515 CARLSBAD CA                    07/05,-31.0,DEBIT_CARD,5813.84,Shop - Others,Expenses,D,
Checking ...0861,07/06/2026,GIV*FIRST PRESBY 831-4227811 CA              07/05,-20.0,DEBIT_CARD,5844.84,Others,Expenses,H,"Recurring $20 church/charitable giving - no matching category in your list, put under Others"
Checking ...0861,07/06/2026,AMAZON PRIME*X838Q6A Amzn.com/bill WA        07/05,-16.3,DEBIT_CARD,5864.84,Amazon Prime,Monthly Bills,H,
Checking ...0861,07/06/2026,SQ *ARTESANIAS HECHAS CHULA VISTA CA         07/04,-25.86,DEBIT_CARD,5881.14,Food - Eat Out,Expenses,D,
Checking ...0861,07/06/2026,SSA - USS MIDWAY SAN DIEGO CA                07/04,-41.99,DEBIT_CARD,5907.00,Vacation,Expenses,D,"Hotel/travel-city charge, looks like part of a trip"
Checking ...0861,07/06/2026,CHEVRON 0095664 ENCINITAS CA                 07/04,-74.72,DEBIT_CARD,5948.99,Gas,Expenses,D,
Checking ...0861,07/06/2026,CSI-095664/1943- ENCINITAS CA        242372  07/04,-18.91,DEBIT_CARD,6023.71,Vacation,Expenses,D,"Hotel/travel-city charge, looks like part of a trip"
Checking ...0861,07/06/2026,"GROUPON, INC. 312-2422019 IL                 07/04",-159.09,DEBIT_CARD,6042.62,Shop - Others,Expenses,D,
Checking ...0861,07/06/2026,Crocs Carlsbad CA                            07/03,-10.76,DEBIT_CARD,6201.71,Shop - Others,Expenses,D,
Checking ...0861,07/06/2026,KLARNA* KLARNA KLARNA.COM OH                 07/03,-11.65,DEBIT_CARD,6212.47,Klarna,Debt,H,
Checking ...0861,07/06/2026,Zelle payment from RHIAN ABIGAIL ALMO 29909071485,16.0,QUICKPAY_CREDIT,6224.12,Others - Income,Income,R,Zelle received - please tell me who this person is so I can map them to a category
Checking ...0861,07/06/2026,Zelle payment from RHIAN ABIGAIL ALMO 29909111541,20.0,QUICKPAY_CREDIT,6208.12,Others - Income,Income,R,Zelle received - please tell me who this person is so I can map them to a category
Checking ...0861,07/06/2026,Zelle payment from RHIAN ABIGAIL ALMO 29908534780,500.0,QUICKPAY_CREDIT,6188.12,Others - Income,Income,R,Zelle received - please tell me who this person is so I can map them to a category
Checking ...0861,07/06/2026,PAYPAL           TRANSFER                   PPD ID: PAYPALSD11,1828.0,ACH_CREDIT,5688.12,Transfer - PayPal to Checking,Transfer,H,
Checking ...0861,07/03/2026,PAYPAL           PURCHASE   TIKTOK SHOP     WEB ID: PAYPALSI77,-23.18,ACH_DEBIT,3860.12,paypal tiktok,Expenses,H,
Checking ...0861,07/03/2026,PAYPAL           PURCHASE   TIKTOK SHOP     WEB ID: PAYPALSI77,-26.64,ACH_DEBIT,3883.30,paypal tiktok,Expenses,H,
Checking ...0861,07/03/2026,PAYPAL           PURCHASE   TIKTOK SHOP     WEB ID: PAYPALSI77,-13.21,ACH_DEBIT,3909.94,paypal tiktok,Expenses,H,
Checking ...0861,07/03/2026,PAYPAL           TRANSFER   ADD TO BALANCE  WEB ID: PAYPALSD22,-50.0,ACH_DEBIT,3923.15,Transfer - Checking to PayPal,Transfer,H,
Checking ...0861,07/03/2026,Online Transfer to  SAV ...5953 transaction#: 29764742296,-25.0,ACCT_XFER,3973.15,Transfer - Checking to Savings,Transfer,H,
Checking ...0861,07/03/2026,PREMIER BANKCARD AUTOPAY    G     339083885 WEB ID: 2470535472,-6.31,ACH_DEBIT,3998.15,CC - FPB,Debt,H,
Checking ...0861,07/02/2026,SP+AFF * HOWLER BIKE 855-423-3729 CA         07/02,-47.93,DEBIT_CARD,4004.46,For Bike,Expenses,H,
Checking ...0861,07/02/2026,AMAZON MARKETPLA INTERNET   043000095207588 WEB ID: 9049016352,-65.24,ACH_DEBIT,4052.39,Shop - Amazon,Expenses,H,
Checking ...0861,07/02/2026,Zelle payment to RHIAN ALMO 29847360948,-10.0,QUICKPAY_DEBIT,4117.63,Others,Expenses,R,Zelle sent - please tell me who this person is so I can map them to a category
Checking ...0861,07/02/2026,Zelle payment to Doris 2 JPM99co1v83q,-50.0,CHASE_TO_PARTNERFI,4127.63,Others,Expenses,R,Zelle sent - please tell me who this person is so I can map them to a category
Checking ...0861,07/01/2026,FOODMAXX #405 S SALINAS CA                   07/01,-10.92,DEBIT_CARD,4177.63,Groceries - Others,Expenses,H,
Checking ...0861,07/01/2026,SHELL SERVICE STATION SALINAS CA     439094  07/01,-76.35,DEBIT_CARD,4188.55,Gas,Expenses,D,
Checking ...0861,07/01/2026,SOFI PLUS SOFI.COM CA                        07/01,-10.0,DEBIT_CARD,4264.90,Others,Expenses,R,Unrecognized charge - please tell me what this is
Checking ...0861,07/01/2026,TEAMSTERS        PAYMENTS                   PPD ID: 3046100016,4274.9,ACH_CREDIT,4274.90,Chris - Pension,Income,R,"Recurring ~$4,275 credit - assumed this is Chris' Teamsters pension, please confirm"
Checking ...0861,06/30/2026,AMAZON MARKETPLA INTERNET   043000093203454 WEB ID: 9049016352,-65.24,ACH_DEBIT,0.00,Shop - Amazon,Expenses,H,
Checking ...0861,06/30/2026,CITIZENS PAY     LINE OF CR 043000092693926 WEB ID: 9044036180,-254.75,ACH_DEBIT,65.24,CC - Citizen bank,Debt,H,
Checking ...0861,06/30/2026,WASTE MANAGEMENT PAYMENT                    PPD ID: 9580653001,-158.36,ACH_DEBIT,319.99,Waste Management,Monthly Bills,H,
Checking ...0861,06/30/2026,Taptap Send New York NY                      06/29,-197.69,DEBIT_CARD,478.35,Remittance - others,Expenses,R,"Remittance app transfer - recipient not shown; please tell me if this is Aron, Aron's tuition, or someone else"
Checking ...0861,06/30/2026,ODP TRANSFER FROM SAVINGS ...5953,676.04,MISC_CREDIT,676.04,Transfer - Savings to Checking,Transfer,H,Overdraft-protection auto-pull from savings
Checking ...0861,06/29/2026,COMCAST-XFINITY  CABLE SVCS                 PPD ID: 0000213249,-139.72,ACH_DEBIT,0.00,Comcast,Monthly Bills,H,
Checking ...0861,06/29/2026,SP+AFF * JDMuscle - 1 855-423-3729 CA        06/29,-30.15,DEBIT_CARD,139.72,Shop - Others,Expenses,R,Small online-shop charge via an affiliate/Affirm-style processor - description doesn't name the actual store
Checking ...0861,06/29/2026,PAYPAL           PURCHASE   GOOGLE BYTEDANC WEB ID: PAYPALSI77,-8.99,ACH_DEBIT,169.87,Others,Expenses,R,"Subscription/purchase via PayPal (Apple, Etsy, Google apps, Lyft, AARP, etc.) - no matching category"
Checking ...0861,06/29/2026,AMAZON MARKETPLA INTERNET   043000099269804 WEB ID: 9049016352,-18.32,ACH_DEBIT,178.86,Shop - Amazon,Expenses,H,
Checking ...0861,06/29/2026,PAYPAL           PURCHASE   TIKTOK SHOP     WEB ID: PAYPALSI77,-24.46,ACH_DEBIT,197.18,paypal tiktok,Expenses,H,
Checking ...0861,06/29/2026,PAYPAL           PURCHASE   TIKTOK SHOP     WEB ID: PAYPALSI77,-26.88,ACH_DEBIT,221.64,paypal tiktok,Expenses,H,
Checking ...0861,06/29/2026,AMAZON MARKETPLA INTERNET   043000092453956 WEB ID: 9049016352,-30.0,ACH_DEBIT,248.52,Shop - Amazon,Expenses,H,
Checking ...0861,06/29/2026,CAPITAL ONE      CRCARDPMT  CA0012EF337DF8B WEB ID: 9541719318,-100.0,ACH_DEBIT,278.52,CC - Capital 1,Debt,H,
Checking ...0861,06/29/2026,MCDONALD'S F2428 SALINAS CA                  06/28,-22.05,DEBIT_CARD,378.52,Food - Eat Out,Expenses,D,Restaurant/fast-food - defaulted to Eat Out; move to Food - Ailynn/Chris/Misc if you know whose order it was
Checking ...0861,06/29/2026,CHEVRON 0091927 WATSONVILLE CA               06/28,-34.12,DEBIT_CARD,400.57,Gas,Expenses,D,
Checking ...0861,06/29/2026,GIV*FIRST PRESBY 831-4227811 CA              06/28,-20.0,DEBIT_CARD,434.69,Others,Expenses,H,"Recurring $20 church/charitable giving - no matching category in your list, put under Others"
Checking ...0861,06/29/2026,PAYPAL *PYPL PAYIN4 402-935-7733 CA          06/28,-71.63,DEBIT_CARD,454.69,Paypal pay in 4,Debt,H,
Checking ...0861,06/29/2026,Online Payment 29788679514 To ALA 0908 06/29,-706.36,LOAN_PMT,526.32,Others,Expenses,R,Recurring $706.36/month loan-type payment to 'ALA 0908' - please tell me what this is so I can give it the right category
Checking ...0861,06/29/2026,Primo Water Corporatio Vista CA              06/27,-3.1,DEBIT_CARD,1232.68,Water,Expenses,H,
Checking ...0861,06/29/2026,Primo Water Corporatio Vista CA              06/27,-3.1,DEBIT_CARD,1235.78,Water,Expenses,H,
Checking ...0861,06/29/2026,Taptap Send New York NY                      06/27,-33.0,DEBIT_CARD,1238.88,Remittance - others,Expenses,R,"Remittance app transfer - recipient not shown; please tell me if this is Aron, Aron's tuition, or someone else"
Checking ...0861,06/29/2026,JOLLIBEE SAN JOSE CA                         06/26,-30.76,DEBIT_CARD,1271.88,Food - Eat Out,Expenses,D,Restaurant/fast-food - defaulted to Eat Out; move to Food - Ailynn/Chris/Misc if you know whose order it was
Checking ...0861,06/29/2026,Zelle payment from Katrina T Perez USBDfchsindn,16.0,PARTNERFI_TO_CHASE,1302.64,Others - Income,Income,R,Zelle received - please tell me who this person is so I can map them to a category
Checking ...0861,06/29/2026,Online Transfer from SAV ...5953 transaction#: 29788679000,1000.0,ACCT_XFER,1286.64,Transfer - Savings to Checking,Transfer,H,
Checking ...0861,06/29/2026,ODP TRANSFER FROM SAVINGS ...5953,286.64,MISC_CREDIT,286.64,Transfer - Savings to Checking,Transfer,H,Overdraft-protection auto-pull from savings
Checking ...0861,06/26/2026,PAYPAL           TRANSFER   ADD TO BALANCE  WEB ID: PAYPALSD22,-50.0,ACH_DEBIT,0.00,Transfer - Checking to PayPal,Transfer,H,
Checking ...0861,06/26/2026,SHELL SERVICE STATION GILROY CA      643915  06/26,-61.7,DEBIT_CARD,50.00,Gas,Expenses,D,
Checking ...0861,06/26/2026,MISSION LANE     EDI PYMNTS                 PPD ID: 2832674981,-25.0,ACH_DEBIT,111.70,CC - Mission Lane,Debt,H,
Checking ...0861,06/26/2026,GOOGLE *Google One g.co/helppay# CA          06/26,-2.99,DEBIT_CARD,136.70,Google 1,Monthly Bills,H,
Checking ...0861,06/26/2026,CHEVRON 0091927 WATSONVILLE CA               06/25,-4.48,DEBIT_CARD,139.69,Gas,Expenses,D,
Checking ...0861,06/26/2026,Sendwave 844-9335122 MA                      06/26,-20.49,DEBIT_CARD,144.17,Remittance - others,Expenses,R,"Remittance app transfer - recipient not shown; please tell me if this is Aron, Aron's tuition, or someone else"
Checking ...0861,06/26/2026,Zelle payment from Katrina T Perez USBAAvmsi33k,50.0,PARTNERFI_TO_CHASE,164.66,Others - Income,Income,R,Zelle received - please tell me who this person is so I can map them to a category
Checking ...0861,06/26/2026,ODP TRANSFER FROM SAVINGS ...5953,114.66,MISC_CREDIT,114.66,Transfer - Savings to Checking,Transfer,H,Overdraft-protection auto-pull from savings
Checking ...0861,06/25/2026,PAYPAL           PURCHASE   GOOGLE YOUTUBE  WEB ID: PAYPALSI77,-15.99,ACH_DEBIT,0.00,YT Premium,Monthly Bills,H,
Checking ...0861,06/25/2026,PAYPAL           PURCHASE   GOOGLE YESOULFI WEB ID: PAYPALSI77,-13.99,ACH_DEBIT,15.99,Yesoulfitness,Monthly Bills,H,
Checking ...0861,06/25/2026,VERIZON WIRELESS PAYMENTS                   PPD ID: 4223344794,-390.34,MISC_DEBIT,29.98,Verizon,Monthly Bills,H,
Checking ...0861,06/25/2026,Taptap Send New York NY                      06/25,-49.58,DEBIT_CARD,420.32,Remittance - others,Expenses,R,"Remittance app transfer - recipient not shown; please tell me if this is Aron, Aron's tuition, or someone else"
Checking ...0861,06/25/2026,Taptap Send New York NY                      06/25,-991.73,DEBIT_CARD,469.90,Remittance - others,Expenses,R,"Remittance app transfer - recipient not shown; please tell me if this is Aron, Aron's tuition, or someone else"
Checking ...0861,06/25/2026,SUDZ LLC SALINAS CA                          06/24,-5.5,DEBIT_CARD,1461.63,Shop - Others,Expenses,D,
Checking ...0861,06/25/2026,GOOGLE *Google One g.co/helppay# CA          06/25,-2.99,DEBIT_CARD,1467.13,Google 1,Monthly Bills,H,
Checking ...0861,06/25/2026,TST*BETTY BURGER-APTOS Aptos CA              06/24,-19.92,DEBIT_CARD,1470.12,Food - Eat Out,Expenses,D,Restaurant/fast-food - defaulted to Eat Out; move to Food - Ailynn/Chris/Misc if you know whose order it was
Checking ...0861,06/25/2026,CHEVRON 0091927 WATSONVILLE CA               06/24,-81.73,DEBIT_CARD,1490.04,Gas,Expenses,D,
Checking ...0861,06/25/2026,ODP TRANSFER FROM SAVINGS ...5953,1571.77,MISC_CREDIT,1571.77,Transfer - Savings to Checking,Transfer,H,Overdraft-protection auto-pull from savings
Checking ...0861,06/24/2026,Sendwave 844-9335122 MA                      06/24,-200.49,DEBIT_CARD,0.00,Remittance - others,Expenses,R,"Remittance app transfer - recipient not shown; please tell me if this is Aron, Aron's tuition, or someone else"
Checking ...0861,06/24/2026,CHEVRON 0371739 BAKERSFIELD CA               06/24,-64.44,DEBIT_CARD,200.49,Gas,Expenses,D,
Checking ...0861,06/24/2026,ALIEN FRESH JERKY BAKER CA                   06/23,-49.97,DEBIT_CARD,264.93,Food - Eat Out,Expenses,D,Restaurant/fast-food - defaulted to Eat Out; move to Food - Ailynn/Chris/Misc if you know whose order it was
Checking ...0861,06/24/2026,Klarna*Fabletics  LL Columbus OH             06/24,-13.17,DEBIT_CARD,314.90,Klarna,Debt,H,
Checking ...0861,06/24/2026,SHELL OIL 57441408309 LAS VEGAS NV           06/23,-0.06,DEBIT_CARD,328.07,Gas,Expenses,D,
Checking ...0861,06/24/2026,SQ *BK BAKERY LLC Las Vegas NV               06/23,-74.13,DEBIT_CARD,328.13,Food - Eat Out,Expenses,D,Restaurant/fast-food - defaulted to Eat Out; move to Food - Ailynn/Chris/Misc if you know whose order it was
Checking ...0861,06/24/2026,PAYPAL *PYPL PAYIN4 402-935-7733 CA          06/23,-68.04,DEBIT_CARD,402.26,Paypal pay in 4,Debt,H,
Checking ...0861,06/24/2026,QUALITY INNS RCH CUCAMONGA CA                06/22,-95.59,DEBIT_CARD,470.30,Vacation,Expenses,D,"Hotel/travel-city charge, looks like part of a trip"
Checking ...0861,06/24/2026,Zelle payment from ANGELYNN FLORA PNCAA0bFJ28L,200.0,PARTNERFI_TO_CHASE,565.89,Others - Income,Income,R,Zelle received - please tell me who this person is so I can map them to a category
Checking ...0861,06/24/2026,ODP TRANSFER FROM SAVINGS ...5953,365.89,MISC_CREDIT,365.89,Transfer - Savings to Checking,Transfer,H,Overdraft-protection auto-pull from savings
Checking ...0861,06/23/2026,FASTRAK CSC 415-486-8655 CA                  06/23,-25.0,DEBIT_CARD,0.00,Gas,Expenses,D,
Checking ...0861,06/23/2026,GOOGLE *Life360 Stay g.co/helppay# CA        06/23,-14.99,DEBIT_CARD,25.00,Life 360,Monthly Bills,H,
Checking ...0861,06/23/2026,ODP TRANSFER FROM SAVINGS ...5953,39.99,MISC_CREDIT,39.99,Transfer - Savings to Checking,Transfer,H,Overdraft-protection auto-pull from savings
Checking ...0861,06/22/2026,WAL-MART #5751 SALINAS CA                    06/22,-133.06,DEBIT_CARD,0.00,Groceries - Walmart,Expenses,H,
Checking ...0861,06/22/2026,CSAA INSURANCE   BILLPAY                    PPD ID: 0000000160,-822.87,ACH_DEBIT,133.06,Car insurance,Monthly Bills,H,
Checking ...0861,06/22/2026,CITI CARD ONLINE PAYMENT    422045715994397 WEB ID: CITICTP,-900.0,ACH_DEBIT,955.93,CC - Citibank,Debt,H,
Checking ...0861,06/22/2026,AMAZON MARKETPLA INTERNET   043000093605554 WEB ID: 9049016352,-7.6,ACH_DEBIT,1855.93,Shop - Amazon,Expenses,H,
Checking ...0861,06/22/2026,AMAZON MARKETPLA INTERNET   043000093651170 WEB ID: 9049016352,-8.68,ACH_DEBIT,1863.53,Shop - Amazon,Expenses,H,
Checking ...0861,06/22/2026,PAYPAL           PURCHASE   AARP            WEB ID: PAYPALSI77,-15.0,ACH_DEBIT,1872.21,Others,Expenses,R,"Subscription/purchase via PayPal (Apple, Etsy, Google apps, Lyft, AARP, etc.) - no matching category"
Checking ...0861,06/22/2026,PAYPAL           PURCHASE   TIKTOK SHOP     WEB ID: PAYPALSI77,-31.97,ACH_DEBIT,1887.21,paypal tiktok,Expenses,H,
Checking ...0861,06/22/2026,PAYPAL           INST XFER  CREDIT REPAYMEN WEB ID: PAYPALSI77,-43.49,ACH_DEBIT,1919.18,Others,Expenses,R,
Checking ...0861,06/22/2026,PAYPAL           PURCHASE   TIKTOK SHOP     WEB ID: PAYPALSI77,-49.53,ACH_DEBIT,1962.67,paypal tiktok,Expenses,H,
Checking ...0861,06/22/2026,PAYPAL           TRANSFER   ADD TO BALANCE  WEB ID: PAYPALSD22,-50.0,ACH_DEBIT,2012.20,Transfer - Checking to PayPal,Transfer,H,
Checking ...0861,06/22/2026,VENMO            PURCHASE   1051119906990   WEB ID: 3264681992,-171.39,MISC_DEBIT,2062.20,Others,Expenses,R,"Rideshare or Venmo payment - no matching category, and Venmo recipient is unclear"
Checking ...0861,06/22/2026,AFFIRM.COM PAYME AFFIRM.COM ST-R2F1D9U4I7B3 WEB ID: 4270465600,-213.31,ACH_DEBIT,2233.59,Affirm,Debt,H,
Checking ...0861,06/22/2026,PAYPAL           INST XFER  PPCR CC REPAYME WEB ID: PAYPALSI77,-1056.99,ACH_DEBIT,2446.90,CC - paypal,Debt,H,
Checking ...0861,06/22/2026,MCDONALD'S F26499 LOST HILLS CA              06/21,-11.9,DEBIT_CARD,3503.89,Food - Eat Out,Expenses,D,Restaurant/fast-food - defaulted to Eat Out; move to Food - Ailynn/Chris/Misc if you know whose order it was
Checking ...0861,06/22/2026,D & R MKT LOST HILLS CA                      06/21,-30.39,DEBIT_CARD,3515.79,Gas,Expenses,D,
Checking ...0861,06/22/2026,CHEVRON 0096675 SOLEDAD CA                   06/21,-71.56,DEBIT_CARD,3546.18,Gas,Expenses,D,
Checking ...0861,06/22/2026,SHELL OIL 10010249000 GILROY CA              06/21,-69.51,DEBIT_CARD,3617.74,Gas,Expenses,D,
Checking ...0861,06/22/2026,SHELL OIL 10010249000 GILROY CA              06/21,-7.38,DEBIT_CARD,3687.25,Gas,Expenses,D,
Checking ...0861,06/22/2026,SP+AFF * WRXDAILY 855-423-3729 CA            06/21,-220.95,DEBIT_CARD,3694.63,Shop - Others,Expenses,R,Small online-shop charge via an affiliate/Affirm-style processor - description doesn't name the actual store
Checking ...0861,06/22/2026,GIV*FIRST PRESBY 831-4227811 CA              06/21,-20.0,DEBIT_CARD,3915.58,Others,Expenses,H,"Recurring $20 church/charitable giving - no matching category in your list, put under Others"
Checking ...0861,06/22/2026,WHATNOT WHATNOT.COM CA                       06/20,-27.19,DEBIT_CARD,3935.58,Shop - Whatnot,Expenses,H,
Checking ...0861,06/22/2026,WHATNOT WHATNOT.COM CA                       06/20,-39.07,DEBIT_CARD,3962.77,Shop - Whatnot,Expenses,H,
Checking ...0861,06/22/2026,WHATNOT WHATNOT.COM CA                       06/20,-34.07,DEBIT_CARD,4001.84,Shop - Whatnot,Expenses,H,
Checking ...0861,06/22/2026,WHATNOT WHATNOT.COM CA                       06/20,-42.81,DEBIT_CARD,4035.91,Shop - Whatnot,Expenses,H,
Checking ...0861,06/22/2026,WHATNOT WHATNOT.COM CA                       06/20,-109.23,DEBIT_CARD,4078.72,Shop - Whatnot,Expenses,H,
Checking ...0861,06/22/2026,WHATNOT WHATNOT.COM CA                       06/19,-162.55,DEBIT_CARD,4187.95,Shop - Whatnot,Expenses,H,
Checking ...0861,06/22/2026,CM9S 18845646428                             06/19,-79.99,DEBIT_CARD,4350.50,Shop - Others,Expenses,R,Small online-shop charge via an affiliate/Affirm-style processor - description doesn't name the actual store
Checking ...0861,06/22/2026,Primo Water Corporatio Vista CA              06/18,-3.1,DEBIT_CARD,4430.49,Water,Expenses,H,
Checking ...0861,06/22/2026,Primo Water Corporatio Vista CA              06/18,-3.1,DEBIT_CARD,4433.59,Water,Expenses,H,
Checking ...0861,06/22/2026,Zelle payment from KYLA MARIE TUAZON PEREZ 29274370427,100.0,QUICKPAY_CREDIT,4436.69,Others - Income,Income,R,Zelle received - please tell me who this person is so I can map them to a category
Checking ...0861,06/22/2026,PAYPAL           TRANSFER                   PPD ID: PAYPALSD11,1828.0,ACH_CREDIT,4336.69,Transfer - PayPal to Checking,Transfer,H,
Checking ...0861,06/22/2026,ODP TRANSFER FROM SAVINGS ...5953,2508.69,MISC_CREDIT,2508.69,Transfer - Savings to Checking,Transfer,H,Overdraft-protection auto-pull from savings
Checking ...0861,06/18/2026,PAYPAL           PURCHASE   TIKTOK SHOP     WEB ID: PAYPALSI77,-24.46,ACH_DEBIT,0.00,paypal tiktok,Expenses,H,
Checking ...0861,06/18/2026,PAYPAL           PURCHASE   TIKTOK SHOP     WEB ID: PAYPALSI77,-96.84,ACH_DEBIT,24.46,paypal tiktok,Expenses,H,
Checking ...0861,06/18/2026,AMAZON MARKETPLA INTERNET   043000098970958 WEB ID: 9049016352,-15.26,ACH_DEBIT,121.30,Shop - Amazon,Expenses,H,
Checking ...0861,06/18/2026,AMAZON MARKETPLA INTERNET   043000098956722 WEB ID: 9049016352,-130.49,ACH_DEBIT,136.56,Shop - Amazon,Expenses,H,
Checking ...0861,06/18/2026,AFFIRM.COM PAYME AFFIRM.COM ST-H5E1R8Q0M9R9 WEB ID: 4270465600,-98.59,ACH_DEBIT,267.05,Affirm,Debt,H,
Checking ...0861,06/18/2026,"UBER TECHNOLOGIES, INC WILMINGTON DE         06/17",-15.26,DEBIT_CARD,365.64,Others,Expenses,R,"Rideshare or Venmo payment - no matching category, and Venmo recipient is unclear"
Checking ...0861,06/18/2026,"UBER TECHNOLOGIES, INC WILMINGTON DE         06/17",-13.55,DEBIT_CARD,380.90,Others,Expenses,R,"Rideshare or Venmo payment - no matching category, and Venmo recipient is unclear"
Checking ...0861,06/18/2026,MCDONALD'S F2428 SALINAS CA                  06/17,-18.66,DEBIT_CARD,394.45,Food - Eat Out,Expenses,D,Restaurant/fast-food - defaulted to Eat Out; move to Food - Ailynn/Chris/Misc if you know whose order it was
Checking ...0861,06/18/2026,WHATNOT WHATNOT.COM CA                       06/17,-21.07,DEBIT_CARD,413.11,Shop - Whatnot,Expenses,H,
Checking ...0861,06/18/2026,WHATNOT WHATNOT.COM CA                       06/17,-24.32,DEBIT_CARD,434.18,Shop - Whatnot,Expenses,H,
Checking ...0861,06/18/2026,WHATNOT WHATNOT.COM CA                       06/17,-52.8,DEBIT_CARD,458.50,Shop - Whatnot,Expenses,H,
Checking ...0861,06/18/2026,ODP TRANSFER FROM SAVINGS ...5953,511.3,MISC_CREDIT,511.30,Transfer - Savings to Checking,Transfer,H,Overdraft-protection auto-pull from savings
Checking ...0861,06/17/2026,WHATNOT WHATNOT.COM CA                       06/17,-16.78,DEBIT_CARD,0.00,Shop - Whatnot,Expenses,H,
Checking ...0861,06/17/2026,WHATNOT WHATNOT.COM CA                       06/17,-14.88,DEBIT_CARD,16.78,Shop - Whatnot,Expenses,H,
Checking ...0861,06/17/2026,AMAZON MARKETPLA INTERNET   043000097633426 WEB ID: 9049016352,-68.5,ACH_DEBIT,31.66,Shop - Amazon,Expenses,H,
Checking ...0861,06/17/2026,PLANET FITNESS S IClub Fees                 PPD ID: G710602737,-24.99,ACH_DEBIT,100.16,Planet Fitness,Monthly Bills,H,
Checking ...0861,06/17/2026,ODP TRANSFER FROM SAVINGS ...5953,125.15,MISC_CREDIT,125.15,Transfer - Savings to Checking,Transfer,H,Overdraft-protection auto-pull from savings
Checking ...0861,06/16/2026,Chua Tinsay  Vega AP San Francisco CA        06/16,-200.0,DEBIT_CARD,0.00,Atty Chua,Monthly Bills,H,
Checking ...0861,06/16/2026,FLUXIONKQ4W 13250804154                      06/14,-87.35,DEBIT_CARD,200.00,Shop - Others,Expenses,R,Small online-shop charge via an affiliate/Affirm-style processor - description doesn't name the actual store
Checking ...0861,06/16/2026,ODP TRANSFER FROM SAVINGS ...5953,287.35,MISC_CREDIT,287.35,Transfer - Savings to Checking,Transfer,H,Overdraft-protection auto-pull from savings
Checking ...0861,06/15/2026,AFFIRM * PAY 8EJ6EACD 855-423-3729 CA        06/15,-33.06,DEBIT_CARD,0.00,Affirm,Debt,H,
Checking ...0861,06/15/2026,SP+AFF * JDMuscle - 1 855-423-3729 CA        06/15,-30.14,DEBIT_CARD,33.06,Shop - Others,Expenses,R,Small online-shop charge via an affiliate/Affirm-style processor - description doesn't name the actual store
Checking ...0861,06/15/2026,AMAZON MARKETPLA INTERNET   043000095603420 WEB ID: 9049016352,-32.61,ACH_DEBIT,63.20,Shop - Amazon,Expenses,H,
Checking ...0861,06/15/2026,PAYPAL           PURCHASE   TIKTOK SHOP     WEB ID: PAYPALSI77,-95.15,ACH_DEBIT,95.81,paypal tiktok,Expenses,H,
Checking ...0861,06/15/2026,SNACK* QUICKLY BOBA C 186-68682146 CA        06/14,-13.61,DEBIT_CARD,190.96,Food - Eat Out,Expenses,D,Restaurant/fast-food - defaulted to Eat Out; move to Food - Ailynn/Chris/Misc if you know whose order it was
Checking ...0861,06/15/2026,GIV*FIRST PRESBY 831-4227811 CA              06/14,-20.0,DEBIT_CARD,204.57,Others,Expenses,H,"Recurring $20 church/charitable giving - no matching category in your list, put under Others"
Checking ...0861,06/15/2026,WHATNOT WHATNOT.COM CA                       06/13,-22.84,DEBIT_CARD,224.57,Shop - Whatnot,Expenses,H,
Checking ...0861,06/15/2026,WHATNOT WHATNOT.COM CA                       06/13,-14.14,DEBIT_CARD,247.41,Shop - Whatnot,Expenses,H,
Checking ...0861,06/15/2026,WHATNOT WHATNOT.COM CA                       06/13,-25.53,DEBIT_CARD,261.55,Shop - Whatnot,Expenses,H,
Checking ...0861,06/15/2026,WHATNOT WHATNOT.COM CA                       06/12,-33.72,DEBIT_CARD,287.08,Shop - Whatnot,Expenses,H,
Checking ...0861,06/15/2026,WHATNOT WHATNOT.COM CA                       06/12,-18.49,DEBIT_CARD,320.80,Shop - Whatnot,Expenses,H,
Checking ...0861,06/15/2026,WHATNOT WHATNOT.COM CA                       06/12,-26.1,DEBIT_CARD,339.29,Shop - Whatnot,Expenses,H,
Checking ...0861,06/15/2026,WHATNOT WHATNOT.COM CA                       06/12,-16.32,DEBIT_CARD,365.39,Shop - Whatnot,Expenses,H,
Checking ...0861,06/15/2026,WHATNOT WHATNOT.COM CA                       06/12,-23.35,DEBIT_CARD,381.71,Shop - Whatnot,Expenses,H,
Checking ...0861,06/15/2026,PAYPAL *PYPL PAYIN4 402-935-7733 CA          06/12,-71.62,DEBIT_CARD,405.06,Paypal pay in 4,Debt,H,
Checking ...0861,06/15/2026,ODP TRANSFER FROM SAVINGS ...5953,476.68,MISC_CREDIT,476.68,Transfer - Savings to Checking,Transfer,H,Overdraft-protection auto-pull from savings
Checking ...0861,06/12/2026,PAYPAL           TRANSFER   ADD TO BALANCE  WEB ID: PAYPALSD22,-50.0,ACH_DEBIT,0.00,Transfer - Checking to PayPal,Transfer,H,
Checking ...0861,06/12/2026,Klarna*Klarna Columbus OH                    06/12,-22.44,DEBIT_CARD,50.00,Klarna,Debt,H,
Checking ...0861,06/12/2026,ODP TRANSFER FROM SAVINGS ...5953,72.44,MISC_CREDIT,72.44,Transfer - Savings to Checking,Transfer,H,Overdraft-protection auto-pull from savings
Checking ...0861,06/11/2026,PAYPAL           PURCHASE   TIKTOK SHOP     WEB ID: PAYPALSI77,-7.24,ACH_DEBIT,0.00,paypal tiktok,Expenses,H,
Checking ...0861,06/11/2026,PAYPAL           PURCHASE   TIKTOK SHOP     WEB ID: PAYPALSI77,-24.8,ACH_DEBIT,7.24,paypal tiktok,Expenses,H,
Checking ...0861,06/11/2026,PAYPAL           PURCHASE   TIKTOK SHOP     WEB ID: PAYPALSI77,-27.59,ACH_DEBIT,32.04,paypal tiktok,Expenses,H,
Checking ...0861,06/11/2026,LIFE INS OF SW   XXXXXXXXXX                 PPD ID: 1954349000,-205.62,ACH_DEBIT,59.63,National Life Ins,Monthly Bills,H,
Checking ...0861,06/11/2026,ONEPAY CASHREWRD PAYMENT    552315100369915 WEB ID: 9130142001,-30.0,ACH_DEBIT,265.25,CC - One Pay,Debt,H,
Checking ...0861,06/11/2026,AMAZON.COM SERVI INTERNET   043000091134048 WEB ID: 9049016352,-97.06,ACH_DEBIT,295.25,Shop - Amazon,Expenses,H,
Checking ...0861,06/11/2026,KLARNA*WHEELTOP.US WWW.KLARNA.CO DE          06/11,-66.35,DEBIT_CARD,392.31,Klarna,Debt,H,
Checking ...0861,06/11/2026,KLARNA*GODADDY.COM WWW.KLARNA.CO DE          06/11,-11.64,DEBIT_CARD,458.66,Klarna,Debt,H,
Checking ...0861,06/11/2026,Primo Water Corporatio Vista CA              06/11,-3.1,DEBIT_CARD,470.30,Water,Expenses,H,
Checking ...0861,06/11/2026,Primo Water Corporatio Vista CA              06/11,-3.1,DEBIT_CARD,473.40,Water,Expenses,H,
Checking ...0861,06/11/2026,3404 EL POLLO LOCO SALINAS CA                06/10,-41.52,DEBIT_CARD,476.50,Others,Expenses,R,Unrecognized charge - please tell me what this is
Checking ...0861,06/11/2026,"UPGRADE, INC.    PAYMENT                    PPD ID: 2812807376",0.08,MISC_CREDIT,518.02,Upgrade,Debt,H,
Checking ...0861,06/11/2026,ODP TRANSFER FROM SAVINGS ...5953,517.94,MISC_CREDIT,517.94,Transfer - Savings to Checking,Transfer,H,Overdraft-protection auto-pull from savings
Checking ...0861,06/10/2026,ATM WITHDRAWAL                       000880  06/101590 N MA,-200.0,ATM,0.00,Others,Expenses,H,ATM cash withdrawal - cash spend is untracked after this point
Checking ...0861,06/10/2026,AMAZON MARKETPLA INTERNET   043000098540220 WEB ID: 9049016352,-32.61,ACH_DEBIT,200.00,Shop - Amazon,Expenses,H,
Checking ...0861,06/10/2026,AMAZON MARKETPLA INTERNET   043000098676818 WEB ID: 9049016352,-32.61,ACH_DEBIT,232.61,Shop - Amazon,Expenses,H,
Checking ...0861,06/10/2026,AMAZON MARKETPLA INTERNET   043000098540510 WEB ID: 9049016352,-38.05,ACH_DEBIT,265.22,Shop - Amazon,Expenses,H,
Checking ...0861,06/10/2026,TAPIOCA DELIGHT 141-54691986 CA              06/10,-32.0,DEBIT_CARD,303.27,Food - Eat Out,Expenses,D,Restaurant/fast-food - defaulted to Eat Out; move to Food - Ailynn/Chris/Misc if you know whose order it was
Checking ...0861,06/10/2026,TAPIOCA DELIGHT 141-54691986 CA              06/10,-39.02,DEBIT_CARD,335.27,Food - Eat Out,Expenses,D,Restaurant/fast-food - defaulted to Eat Out; move to Food - Ailynn/Chris/Misc if you know whose order it was
Checking ...0861,06/10/2026,Taptap Send New York NY                      06/10,-81.83,DEBIT_CARD,374.29,Remittance - others,Expenses,R,"Remittance app transfer - recipient not shown; please tell me if this is Aron, Aron's tuition, or someone else"
Checking ...0861,06/10/2026,DIAMOND DENTAL OF SALIN SALINAS CA           06/09,-175.0,DEBIT_CARD,456.12,Medical,Expenses,H,
Checking ...0861,06/10/2026,TST*APTOS ST BBQ Aptos CA                    06/09,-43.53,DEBIT_CARD,631.12,Food - Eat Out,Expenses,D,Restaurant/fast-food - defaulted to Eat Out; move to Food - Ailynn/Chris/Misc if you know whose order it was
Checking ...0861,06/10/2026,CHEVRON 0091927 WATSONVILLE CA               06/09,-30.01,DEBIT_CARD,674.65,Gas,Expenses,D,
Checking ...0861,06/10/2026,Zelle payment from AMAYA FRANCIS SMITH 29570698597,150.0,QUICKPAY_CREDIT,704.66,Others - Income,Income,R,Zelle received - please tell me who this person is so I can map them to a category
Checking ...0861,06/10/2026,ODP TRANSFER FROM SAVINGS ...5953,168.52,MISC_CREDIT,554.66,Transfer - Savings to Checking,Transfer,H,Overdraft-protection auto-pull from savings
Checking ...0861,06/09/2026,AMAZON MARKETPLA INTERNET   043000097526814 WEB ID: 9049016352,-21.74,ACH_DEBIT,386.14,Shop - Amazon,Expenses,H,
Checking ...0861,06/09/2026,WAL-MART #5751 SALINAS CA                    06/08,-99.85,DEBIT_CARD,407.88,Groceries - Walmart,Expenses,H,
Checking ...0861,06/09/2026,WHATNOT WHATNOT.COM CA                       06/08,-16.78,DEBIT_CARD,507.73,Shop - Whatnot,Expenses,H,
Checking ...0861,06/09/2026,WHATNOT WHATNOT.COM CA                       06/08,-47.51,DEBIT_CARD,524.51,Shop - Whatnot,Expenses,H,
Checking ...0861,06/09/2026,DD *DOORDASH THECRABB DOORDASH.COM CA        06/09,-53.94,DEBIT_CARD,572.02,Food - To go,Expenses,H,
Checking ...0861,06/08/2026,AFTERPAY 185-52896014 CA                     06/08,-10.74,DEBIT_CARD,625.96,Afterpay,Debt,H,
Checking ...0861,06/08/2026,Netflix.com 408-5403700 CA                   06/08,-29.98,DEBIT_CARD,636.70,Netflix,Monthly Bills,H,
Checking ...0861,06/08/2026,Taptap Send New York NY                      06/08,-163.39,DEBIT_CARD,666.68,Remittance - others,Expenses,R,"Remittance app transfer - recipient not shown; please tell me if this is Aron, Aron's tuition, or someone else"
Checking ...0861,06/08/2026,AMAZON MARKETPLA INTERNET   043000095795610 WEB ID: 9049016352,-8.69,ACH_DEBIT,830.07,Shop - Amazon,Expenses,H,
Checking ...0861,06/08/2026,PAYPAL           PURCHASE   TIKTOK SHOP     WEB ID: PAYPALSI77,-10.97,ACH_DEBIT,838.76,paypal tiktok,Expenses,H,
Checking ...0861,06/08/2026,PAYPAL           PURCHASE   TIKTOK SHOP     WEB ID: PAYPALSI77,-11.71,ACH_DEBIT,849.73,paypal tiktok,Expenses,H,
Checking ...0861,06/08/2026,AMAZON MARKETPLA INTERNET   043000096302898 WEB ID: 9049016352,-21.64,ACH_DEBIT,861.44,Shop - Amazon,Expenses,H,
Checking ...0861,06/08/2026,PAYPAL           PURCHASE   TIKTOK SHOP     WEB ID: PAYPALSI77,-30.33,ACH_DEBIT,883.08,paypal tiktok,Expenses,H,
Checking ...0861,06/08/2026,PAYPAL           PURCHASE   TIKTOK SHOP     WEB ID: PAYPALSI77,-36.21,ACH_DEBIT,913.41,paypal tiktok,Expenses,H,
Checking ...0861,06/08/2026,AMAZON MARKETPLA INTERNET   043000095944332 WEB ID: 9049016352,-40.13,ACH_DEBIT,949.62,Shop - Amazon,Expenses,H,
Checking ...0861,06/08/2026,CAPITAL ONE AUTO CARPAY     CP02FC9C3E49F8F WEB ID: 9541719806,-709.9,ACH_DEBIT,989.75,Car payment,Monthly Bills,H,
Checking ...0861,06/08/2026,WHATNOT WHATNOT.COM CA                       06/08,-24.85,DEBIT_CARD,1699.65,Shop - Whatnot,Expenses,H,
Checking ...0861,06/08/2026,WHATNOT WHATNOT.COM CA                       06/08,-30.39,DEBIT_CARD,1724.50,Shop - Whatnot,Expenses,H,
Checking ...0861,06/08/2026,WHATNOT WHATNOT.COM CA                       06/07,-18.49,DEBIT_CARD,1754.89,Shop - Whatnot,Expenses,H,
Checking ...0861,06/08/2026,SQ *CHEESECAKE DREAMATI Marina CA            06/07,-25.1,DEBIT_CARD,1773.38,Food - Eat Out,Expenses,D,
Checking ...0861,06/08/2026,CKE*DADDY'S CITY DINER MARINA CA             06/07,-55.0,DEBIT_CARD,1798.48,Food - Eat Out,Expenses,D,Restaurant/fast-food - defaulted to Eat Out; move to Food - Ailynn/Chris/Misc if you know whose order it was
Checking ...0861,06/08/2026,WHATNOT WHATNOT.COM CA                       06/07,-55.98,DEBIT_CARD,1853.48,Shop - Whatnot,Expenses,H,
Checking ...0861,06/08/2026,WHATNOT WHATNOT.COM CA                       06/07,-10.88,DEBIT_CARD,1909.46,Shop - Whatnot,Expenses,H,
Checking ...0861,06/08/2026,WHATNOT WHATNOT.COM CA                       06/07,-14.14,DEBIT_CARD,1920.34,Shop - Whatnot,Expenses,H,
Checking ...0861,06/08/2026,WHATNOT WHATNOT.COM CA                       06/07,-17.4,DEBIT_CARD,1934.48,Shop - Whatnot,Expenses,H,
Checking ...0861,06/08/2026,WHATNOT WHATNOT.COM CA                       06/07,-8.7,DEBIT_CARD,1951.88,Shop - Whatnot,Expenses,H,
Checking ...0861,06/08/2026,WHATNOT WHATNOT.COM CA                       06/07,-8.7,DEBIT_CARD,1960.58,Shop - Whatnot,Expenses,H,
Checking ...0861,06/08/2026,WHATNOT WHATNOT.COM CA                       06/07,-10.18,DEBIT_CARD,1969.28,Shop - Whatnot,Expenses,H,
Checking ...0861,06/08/2026,WHATNOT WHATNOT.COM CA                       06/07,-13.52,DEBIT_CARD,1979.46,Shop - Whatnot,Expenses,H,
Checking ...0861,06/08/2026,WHATNOT WHATNOT.COM CA                       06/07,-23.58,DEBIT_CARD,1992.98,Shop - Whatnot,Expenses,H,
Checking ...0861,06/08/2026,EXXON SALINAS MAIN INC SALINAS CA            06/07,-74.74,DEBIT_CARD,2016.56,Gas,Expenses,D,
Checking ...0861,06/08/2026,SALINAS MAIN IN SALINAS CA                   06/07,-8.72,DEBIT_CARD,2091.30,Food - Eat Out,Expenses,D,Restaurant/fast-food - defaulted to Eat Out; move to Food - Ailynn/Chris/Misc if you know whose order it was
Checking ...0861,06/08/2026,Sendwave 844-9335122 MA                      06/07,-25.16,DEBIT_CARD,2100.02,Remittance - others,Expenses,R,"Remittance app transfer - recipient not shown; please tell me if this is Aron, Aron's tuition, or someone else"
Checking ...0861,06/08/2026,GIV*FIRST PRESBY 831-4227811 CA              06/07,-20.0,DEBIT_CARD,2125.18,Others,Expenses,H,"Recurring $20 church/charitable giving - no matching category in your list, put under Others"
Checking ...0861,06/08/2026,PAYPAL *PYPL PAYIN4 402-935-7733 CA          06/07,-68.04,DEBIT_CARD,2145.18,Paypal pay in 4,Debt,H,
Checking ...0861,06/08/2026,CINEMARK 449 RSTBAR Salinas CA               06/07,-32.6,DEBIT_CARD,2213.22,Movie,Expenses,H,
Checking ...0861,06/08/2026,WHATNOT WHATNOT.COM CA                       06/07,-34.23,DEBIT_CARD,2245.82,Shop - Whatnot,Expenses,H,
Checking ...0861,06/08/2026,WHATNOT WHATNOT.COM CA                       06/06,-29.37,DEBIT_CARD,2280.05,Shop - Whatnot,Expenses,H,
Checking ...0861,06/08/2026,WHATNOT WHATNOT.COM CA                       06/06,-42.42,DEBIT_CARD,2309.42,Shop - Whatnot,Expenses,H,
Checking ...0861,06/08/2026,WHATNOT WHATNOT.COM CA                       06/06,-28.28,DEBIT_CARD,2351.84,Shop - Whatnot,Expenses,H,
Checking ...0861,06/08/2026,HABIT SALINAS 306 SALINAS CA                 06/05,-55.01,DEBIT_CARD,2380.12,Food - Eat Out,Expenses,D,Restaurant/fast-food - defaulted to Eat Out; move to Food - Ailynn/Chris/Misc if you know whose order it was
Checking ...0861,06/08/2026,WHATNOT WHATNOT.COM CA                       06/05,-44.24,DEBIT_CARD,2435.13,Shop - Whatnot,Expenses,H,
Checking ...0861,06/05/2026,PAYPAL           TRANSFER   ADD TO BALANCE  WEB ID: PAYPALSD22,-50.0,ACH_DEBIT,2479.37,Transfer - Checking to PayPal,Transfer,H,
Checking ...0861,06/05/2026,WF               PAYMENT    39145073        WEB ID: 1272814169,-223.53,ACH_DEBIT,2529.37,Auto Loan - Honda,Debt,R,"Same $ amounts as the Westlake payments below/above - looks like the same auto loan, formerly serviced by 'WF'. Please confirm"
Checking ...0861,06/05/2026,WF               PAYMENT    39145073        WEB ID: 1272814169,-276.47,ACH_DEBIT,2752.90,Auto Loan - Honda,Debt,R,"Same $ amounts as the Westlake payments below/above - looks like the same auto loan, formerly serviced by 'WF'. Please confirm"
Checking ...0861,06/05/2026,CHECK 356  06/05,-2200.0,CHECK_PAID,3029.37,Others,Expenses,R,Paper check - payee not shown on the statement; please tell me who checks were written to
Checking ...0861,06/05/2026,Online Transfer to  SAV ...5953 transaction#: 29400713677,-25.0,ACCT_XFER,5229.37,Transfer - Checking to Savings,Transfer,H,
Checking ...0861,06/05/2026,AMAZON PRIME*WT8EG59 Amzn.com/bill WA        06/05,-16.3,DEBIT_CARD,5254.37,Amazon Prime,Monthly Bills,H,
Checking ...0861,06/05/2026,THE UPS STORE 7054 831-7899400 CA            06/04,-16.01,DEBIT_CARD,5270.67,Others,Expenses,D,Shipping/postal
Checking ...0861,06/05/2026,Primo Water Corporatio Vista CA              06/04,-3.1,DEBIT_CARD,5286.68,Water,Expenses,H,
Checking ...0861,06/04/2026,HARBOR FREIGHT TOOLS U SALINAS CA            06/04,-23.88,DEBIT_CARD,5289.78,Others,Expenses,D,Home-improvement store - no matching category in your list
Checking ...0861,06/04/2026,CHECK 355,-180.0,CHECK_PAID,5313.66,Others,Expenses,R,Paper check - payee not shown on the statement; please tell me who checks were written to
Checking ...0861,06/04/2026,CALWATER SERVICE BILLPAY                    PPD ID: 0000000160,-45.96,ACH_DEBIT,5493.66,Cal Water,Monthly Bills,H,
Checking ...0861,06/04/2026,WAL-MART #2458 SALINAS CA                    06/03,-38.75,DEBIT_CARD,5539.62,Groceries - Walmart,Expenses,H,
Checking ...0861,06/04/2026,Primo Water Corporatio Vista CA              06/04,-3.1,DEBIT_CARD,5578.37,Water,Expenses,H,
Checking ...0861,06/04/2026,TST*BETTY BURGER-APTOS Aptos CA              06/03,-39.83,DEBIT_CARD,5581.47,Food - Eat Out,Expenses,D,Restaurant/fast-food - defaulted to Eat Out; move to Food - Ailynn/Chris/Misc if you know whose order it was
Checking ...0861,06/04/2026,UNITED PARCEL SE DV02DD2606                 PPD ID: 2431912740,131.17,ACH_CREDIT,5621.30,Others - Income,Income,R,"UPS-related credit, not the regular payroll line"
Checking ...0861,06/04/2026,Zelle payment from RHIAN ABIGAIL ALMO 29490487792,500.0,QUICKPAY_CREDIT,5490.13,Others - Income,Income,R,Zelle received - please tell me who this person is so I can map them to a category
Checking ...0861,06/03/2026,SAV ON GASOLINE INC SANTA CRUZ CA    281374  06/03,-3.83,DEBIT_CARD,4990.13,Gas,Expenses,D,
Checking ...0861,06/03/2026,PAYPAL           TRANSFER   ADD TO BALANCE  WEB ID: PAYPALSD22,-10000.0,ACH_DEBIT,4993.96,Transfer - Checking to PayPal,Transfer,H,
Checking ...0861,06/03/2026,PREMIER BANKCARD AUTOPAY    G     338816433 WEB ID: 2470535472,-6.31,ACH_DEBIT,14993.96,CC - FPB,Debt,H,
Checking ...0861,06/03/2026,NESPRESSO USA INC Wilmington DE              06/03,-55.15,DEBIT_CARD,15000.27,Shop - Others,Expenses,D,
Checking ...0861,06/03/2026,Online Transfer to SAV ...5953 transaction#: 29469458686 06/03,-29619.48,ACCT_XFER,15055.42,Transfer - Checking to Savings,Transfer,H,
Checking ...0861,06/03/2026,FOSTERS FREEZE #1500 SALINAS CA              06/02,-8.47,DEBIT_CARD,44674.90,Food - Eat Out,Expenses,D,Restaurant/fast-food - defaulted to Eat Out; move to Food - Ailynn/Chris/Misc if you know whose order it was
Checking ...0861,06/03/2026,CHIPOTLE 1864 SALINAS CA                     06/02,-34.48,DEBIT_CARD,44683.37,Food - Eat Out,Expenses,D,Restaurant/fast-food - defaulted to Eat Out; move to Food - Ailynn/Chris/Misc if you know whose order it was
Checking ...0861,06/03/2026,WHATNOT WHATNOT.COM CA                       06/02,-55.12,DEBIT_CARD,44717.85,Shop - Whatnot,Expenses,H,
Checking ...0861,06/03/2026,PAYPAL           TRANSFER                   PPD ID: PAYPALSD11,1828.0,ACH_CREDIT,44772.97,Transfer - PayPal to Checking,Transfer,H,
Checking ...0861,06/02/2026,WAL-MART #5751 SALINAS CA                    06/02,-260.27,DEBIT_CARD,42944.97,Groceries - Walmart,Expenses,H,
Checking ...0861,06/02/2026,WINGSTOP 2088 650-019-7954 CA                06/01,-41.89,DEBIT_CARD,43205.24,Food - Eat Out,Expenses,D,Restaurant/fast-food - defaulted to Eat Out; move to Food - Ailynn/Chris/Misc if you know whose order it was
Checking ...0861,06/02/2026,Primo Water Corporatio Vista CA              06/02,-3.1,DEBIT_CARD,43247.13,Water,Expenses,H,
Checking ...0861,06/02/2026,AFFIRM * PAY 1T774D99 855-423-3729 CA        06/01,-33.07,DEBIT_CARD,43250.23,Affirm,Debt,H,
Checking ...0861,06/01/2026,CHECK 283,-500.0,CHECK_PAID,43283.30,Others,Expenses,R,Paper check - payee not shown on the statement; please tell me who checks were written to
Checking ...0861,06/01/2026,EBAY COMMERCE INC. SAN JOSE CA               06/01,-28.11,DEBIT_CARD,43783.30,Shop - Others,Expenses,D,
Checking ...0861,06/01/2026,SMBS Account     TRANSFER   CPerez          WEB ID: 9039430511,-20000.0,ACH_DEBIT,43811.41,Transfer - Checking to SoFi/Other,Transfer,R,Large transfer (thousands) to a SoFi/SMBS account - please confirm what this account is
Checking ...0861,06/01/2026,SP+AFF * JDMuscle - 1 855-423-3729 CA        06/01,-30.14,DEBIT_CARD,63811.41,Shop - Others,Expenses,R,Small online-shop charge via an affiliate/Affirm-style processor - description doesn't name the actual store
Checking ...0861,06/01/2026,AFFIRM.COM PAYME AFFIRM.COM ST-S6G3X9R2E9K1 WEB ID: 1800948598,-33.27,ACH_DEBIT,63841.55,Affirm,Debt,H,
Checking ...0861,06/01/2026,AMAZON MARKETPLA INTERNET   043000096031396 WEB ID: 9049016352,-20.65,ACH_DEBIT,63874.82,Shop - Amazon,Expenses,H,
Checking ...0861,06/01/2026,AMAZON MARKETPLA INTERNET   043000095906718 WEB ID: 9049016352,-28.7,ACH_DEBIT,63895.47,Shop - Amazon,Expenses,H,
Checking ...0861,06/01/2026,KFC #129 SALINAS CA                          05/31,-52.07,DEBIT_CARD,63924.17,Food - Eat Out,Expenses,D,Restaurant/fast-food - defaulted to Eat Out; move to Food - Ailynn/Chris/Misc if you know whose order it was
Checking ...0861,06/01/2026,WAL-MART #5751 SALINAS CA                    05/31,-26.15,DEBIT_CARD,63976.24,Groceries - Walmart,Expenses,H,
Checking ...0861,06/01/2026,Online Payment 29435351111 To PACIFIC GAS & ELECTRIC (PG&E) 06/01,-300.0,BILLPAY,64002.39,PGE,Monthly Bills,H,
Checking ...0861,06/01/2026,KLARNA*TEMU.COM WWW.KLARNA.CO DE             06/01,-1.46,DEBIT_CARD,64302.39,Klarna,Debt,H,
Checking ...0861,06/01/2026,KLARNA*TEMU.COM WWW.KLARNA.CO DE             06/01,-18.3,DEBIT_CARD,64303.85,Klarna,Debt,H,
Checking ...0861,06/01/2026,SOFI PLUS SOFI.COM CA                        05/31,-10.0,DEBIT_CARD,64322.15,Others,Expenses,R,Unrecognized charge - please tell me what this is
Checking ...0861,06/01/2026,EBAY COMMERCE INC. SAN JOSE CA               05/31,-32.55,DEBIT_CARD,64332.15,Shop - Others,Expenses,D,
Checking ...0861,06/01/2026,WHATNOT WHATNOT.COM CA                       05/31,-10.88,DEBIT_CARD,64364.70,Shop - Whatnot,Expenses,H,
Checking ...0861,06/01/2026,WHATNOT WHATNOT.COM CA                       05/31,-34.8,DEBIT_CARD,64375.58,Shop - Whatnot,Expenses,H,
Checking ...0861,06/01/2026,WHATNOT WHATNOT.COM CA                       05/31,-14.53,DEBIT_CARD,64410.38,Shop - Whatnot,Expenses,H,
Checking ...0861,06/01/2026,WHATNOT WHATNOT.COM CA                       05/31,-15.69,DEBIT_CARD,64424.91,Shop - Whatnot,Expenses,H,
Checking ...0861,06/01/2026,WHATNOT WHATNOT.COM CA                       05/31,-24.67,DEBIT_CARD,64440.60,Shop - Whatnot,Expenses,H,
Checking ...0861,06/01/2026,GIV*FIRST PRESBY 831-4227811 CA              05/31,-20.0,DEBIT_CARD,64465.27,Others,Expenses,H,"Recurring $20 church/charitable giving - no matching category in your list, put under Others"
Checking ...0861,06/01/2026,Sendwave 844-9335122 MA                      05/30,-304.99,DEBIT_CARD,64485.27,Remittance - others,Expenses,R,"Remittance app transfer - recipient not shown; please tell me if this is Aron, Aron's tuition, or someone else"
Checking ...0861,06/01/2026,WHATNOT WHATNOT.COM CA                       05/30,-25.02,DEBIT_CARD,64790.26,Shop - Whatnot,Expenses,H,
Checking ...0861,06/01/2026,WHATNOT WHATNOT.COM CA                       05/30,-40.24,DEBIT_CARD,64815.28,Shop - Whatnot,Expenses,H,
Checking ...0861,06/01/2026,WHATNOT WHATNOT.COM CA                       05/30,-35.47,DEBIT_CARD,64855.52,Shop - Whatnot,Expenses,H,
Checking ...0861,06/01/2026,"UPGRADE, INC.    PAYMENT                    PPD ID: 2812807376",-0.08,ACH_DEBIT,64890.99,Upgrade,Debt,H,
Checking ...0861,06/01/2026,PAYPAL *PYPL PAYIN4 402-935-7733 CA          05/30,-31.25,DEBIT_CARD,64891.07,Paypal pay in 4,Debt,H,
Checking ...0861,06/01/2026,STEVE'S FILIPINO ASIAN SALINAS CA            05/29,-27.49,DEBIT_CARD,64922.32,Groceries - Steves,Expenses,H,
Checking ...0861,06/01/2026,KLARNA* KLARNA KLARNA.COM OH                 05/29,-22.44,DEBIT_CARD,64949.81,Klarna,Debt,H,
Checking ...0861,06/01/2026,AMAZON MARKETPLA ADJUSTMENT                 PPD ID: 9049016352,69.94,ACH_CREDIT,64972.25,Shop - Amazon returns,Expenses,H,
Checking ...0861,06/01/2026,TEAMSTERS        PAYMENTS                   PPD ID: 3046100016,4274.9,ACH_CREDIT,64902.31,Chris - Pension,Income,R,"Recurring ~$4,275 credit - assumed this is Chris' Teamsters pension, please confirm"
Checking ...0861,05/29/2026,PAYPAL           TRANSFER   ADD TO BALANCE  WEB ID: PAYPALSD22,-50.0,ACH_DEBIT,60627.41,Transfer - Checking to PayPal,Transfer,H,
Checking ...0861,05/29/2026,COMCAST-XFINITY  CABLE SVCS                 PPD ID: 0000213249,-139.72,ACH_DEBIT,60677.41,Comcast,Monthly Bills,H,
Checking ...0861,05/29/2026,KLARNA* KLARNA KLARNA.COM OH                 05/29,-9.16,DEBIT_CARD,60817.13,Klarna,Debt,H,
Checking ...0861,05/29/2026,Online Transfer to  SAV ...5953 transaction#: 29315675261,-25.0,ACCT_XFER,60826.29,Transfer - Checking to Savings,Transfer,H,
Checking ...0861,05/29/2026,CITIZENS PAY     LINE OF CR 043000095094346 WEB ID: 9044036180,-254.75,ACH_DEBIT,60851.29,CC - Citizen bank,Debt,H,
Checking ...0861,05/29/2026,NOODLE HOUSE SALINAS CA                      05/28,-42.45,DEBIT_CARD,61106.04,Food - Eat Out,Expenses,D,Restaurant/fast-food - defaulted to Eat Out; move to Food - Ailynn/Chris/Misc if you know whose order it was
Checking ...0861,05/29/2026,USPS.COM Tracking Plu 800-344-7779 DC        05/28,-2.5,DEBIT_CARD,61148.49,Others,Expenses,D,Shipping/postal
Checking ...0861,05/29/2026,UNITED PARCEL SE PAYROLL                    PPD ID: 4362407381,2275.2,ACH_CREDIT,61150.99,Key Salary,Income,R,"UPS payroll deposit - assumed this is your own Key Salary income, please confirm"
Checking ...0861,05/28/2026,SALINAS SINCLAI SALINAS CA                   05/28,-92.5,DEBIT_CARD,58875.79,Gas,Expenses,D,
Checking ...0861,05/28/2026,PAYPAL           PURCHASE   TIKTOK SHOP     WEB ID: PAYPALSI77,-47.3,ACH_DEBIT,58968.29,paypal tiktok,Expenses,H,
Checking ...0861,05/28/2026,STEVE'S FILIPINO ASIAN SALINAS CA            05/27,-47.74,DEBIT_CARD,59015.59,Groceries - Steves,Expenses,H,
Checking ...0861,05/28/2026,DYNASTY COURT RESTAURAN SALINAS CA           05/26,-32.76,DEBIT_CARD,59063.33,Food - Eat Out,Expenses,D,Restaurant/fast-food - defaulted to Eat Out; move to Food - Ailynn/Chris/Misc if you know whose order it was
Checking ...0861,05/28/2026,GOOGLE *Google One 855-836-3987 CA           05/28,-1.99,DEBIT_CARD,59096.09,Google 1,Monthly Bills,H,
Checking ...0861,05/28/2026,AMAZON MARKETPLA ADJUSTMENT                 PPD ID: 9049016352,10.86,ACH_CREDIT,59098.08,Shop - Amazon returns,Expenses,H,
Checking ...0861,05/27/2026,WAL-MART #5751 SALINAS CA                    05/27,-37.24,DEBIT_CARD,59087.22,Groceries - Walmart,Expenses,H,
Checking ...0861,05/27/2026,MISSION LANE     EDI PYMNTS                 PPD ID: 2832674981,-25.0,ACH_DEBIT,59124.46,CC - Mission Lane,Debt,H,
Checking ...0861,05/27/2026,PAYPAL *PYPL PAYIN4 402-935-7733 CA          05/27,-71.62,DEBIT_CARD,59149.46,Paypal pay in 4,Debt,H,
Checking ...0861,05/27/2026,HABIT SALINAS 306 SALINAS CA                 05/26,-19.32,DEBIT_CARD,59221.08,Food - Eat Out,Expenses,D,Restaurant/fast-food - defaulted to Eat Out; move to Food - Ailynn/Chris/Misc if you know whose order it was
Checking ...0861,05/26/2026,PAYPAL           PURCHASE   ETSY INC        WEB ID: PAYPALSI77,-28.1,ACH_DEBIT,59240.40,Others,Expenses,R,"Subscription/purchase via PayPal (Apple, Etsy, Google apps, Lyft, AARP, etc.) - no matching category"
Checking ...0861,05/26/2026,MARSHALLS #0504 SALINAS CA                   05/26,-42.52,DEBIT_CARD,59268.50,Shop - Others,Expenses,D,
Checking ...0861,05/26/2026,Zelle payment to RHIAN ALMO 29367532616,-500.0,QUICKPAY_DEBIT,59311.02,Others,Expenses,R,Zelle sent - please tell me who this person is so I can map them to a category
Checking ...0861,05/26/2026,AMAZON MARKETPLA INTERNET   043000098457738 WEB ID: 9049016352,-8.69,ACH_DEBIT,59811.02,Shop - Amazon,Expenses,H,
Checking ...0861,05/26/2026,PAYPAL           PURCHASE   GOOGLE YESOULFI WEB ID: PAYPALSI77,-13.99,ACH_DEBIT,59819.71,Yesoulfitness,Monthly Bills,H,
Checking ...0861,05/26/2026,AMAZON MARKETPLA INTERNET   043000098528160 WEB ID: 9049016352,-14.13,ACH_DEBIT,59833.70,Shop - Amazon,Expenses,H,
Checking ...0861,05/26/2026,PAYPAL           PURCHASE   GOOGLE YOUTUBE  WEB ID: PAYPALSI77,-15.99,ACH_DEBIT,59847.83,YT Premium,Monthly Bills,H,
Checking ...0861,05/26/2026,PAYPAL           PURCHASE   LYFT XL RIDE 05 WEB ID: PAYPALSI77,-45.45,ACH_DEBIT,59863.82,Others,Expenses,R,"Subscription/purchase via PayPal (Apple, Etsy, Google apps, Lyft, AARP, etc.) - no matching category"
Checking ...0861,05/26/2026,AMAZON MARKETPLA INTERNET   043000098540426 WEB ID: 9049016352,-46.75,ACH_DEBIT,59909.27,Shop - Amazon,Expenses,H,
Checking ...0861,05/26/2026,AMAZON MARKETPLA INTERNET   043000098469106 WEB ID: 9049016352,-108.74,ACH_DEBIT,59956.02,Shop - Amazon,Expenses,H,
Checking ...0861,05/26/2026,VERIZON WIRELESS PAYMENTS                   PPD ID: 4223344794,-390.34,MISC_DEBIT,60064.76,Verizon,Monthly Bills,H,
Checking ...0861,05/26/2026,MCDONALD'S F33616 TEHACHAPI CA               05/25,-8.1,DEBIT_CARD,60455.10,Food - Eat Out,Expenses,D,Restaurant/fast-food - defaulted to Eat Out; move to Food - Ailynn/Chris/Misc if you know whose order it was
Checking ...0861,05/26/2026,CHEVRON 0305298 KRAMER JUNCTI CA             05/25,-30.01,DEBIT_CARD,60463.20,Gas,Expenses,D,
Checking ...0861,05/26/2026,TRAVEL CENTER II BAKER CA                    05/25,-35.29,DEBIT_CARD,60493.21,Gas,Expenses,D,
Checking ...0861,05/26/2026,CHEVRON 0387120 BAKER CA                     05/25,-6.44,DEBIT_CARD,60528.50,Gas,Expenses,D,
Checking ...0861,05/26/2026,CHEVRON 0387120 BAKER CA                     05/25,-17.85,DEBIT_CARD,60534.94,Gas,Expenses,D,
Checking ...0861,05/26/2026,CHEVRON 0381314 JEAN NV                      05/25,-6.89,DEBIT_CARD,60552.79,Gas,Expenses,D,
Checking ...0861,05/26/2026,CHEVRON 0381314 JEAN NV                      05/25,-88.44,DEBIT_CARD,60559.68,Gas,Expenses,D,
Checking ...0861,05/26/2026,MANILA BBQ & SEAFOOD HENDERSON NV            05/25,-189.49,DEBIT_CARD,60648.12,Food - Eat Out,Expenses,D,Restaurant/fast-food - defaulted to Eat Out; move to Food - Ailynn/Chris/Misc if you know whose order it was
Checking ...0861,05/26/2026,GOOGLE *Life360 Stay g.co/helppay# CA        05/25,-13.79,DEBIT_CARD,60837.61,Life 360,Monthly Bills,H,
Checking ...0861,05/26/2026,AFTERPAY 185-52896014 CA                     05/25,-10.74,DEBIT_CARD,60851.40,Afterpay,Debt,H,
Checking ...0861,05/26/2026,ABC #101 LV LAS VEGAS NV                     05/24,-8.14,DEBIT_CARD,60862.14,Food - Eat Out,Expenses,D,Restaurant/fast-food - defaulted to Eat Out; move to Food - Ailynn/Chris/Misc if you know whose order it was
Checking ...0861,05/26/2026,SQ *LE THAI Las Vegas NV                     05/25,-205.0,DEBIT_CARD,60870.28,Food - Eat Out,Expenses,D,Restaurant/fast-food - defaulted to Eat Out; move to Food - Ailynn/Chris/Misc if you know whose order it was
Checking ...0861,05/26/2026,COSMOPOL-SELF PARKING LAS VEGAS NV           05/24,-25.0,DEBIT_CARD,61075.28,For Car,Expenses,D,"Parking charge, defaulted to For Car"
Checking ...0861,05/26/2026,COCA COLA LAS VEGAS LAS VEGAS NV             05/24,-4.0,DEBIT_CARD,61100.28,Food - Eat Out,Expenses,D,Restaurant/fast-food - defaulted to Eat Out; move to Food - Ailynn/Chris/Misc if you know whose order it was
Checking ...0861,05/26/2026,SQ *FANTASY CLAW ARCADE Las Vegas NV         05/24,-70.44,DEBIT_CARD,61104.28,Food - Eat Out,Expenses,D,
Checking ...0861,05/26/2026,SP ALLOYMAN ALLOYMANTOOLS CO                 05/24,-109.99,DEBIT_CARD,61174.72,Shop - Others,Expenses,R,Small online-shop charge via an affiliate/Affirm-style processor - description doesn't name the actual store
Checking ...0861,05/26/2026,GIV*FIRST PRESBY 831-4227811 CA              05/24,-20.0,DEBIT_CARD,61284.71,Others,Expenses,H,"Recurring $20 church/charitable giving - no matching category in your list, put under Others"
Checking ...0861,05/26/2026,322 PIZZA BAR LAS VEGAS NV                   05/23,-75.81,DEBIT_CARD,61304.71,Food - Eat Out,Expenses,D,Restaurant/fast-food - defaulted to Eat Out; move to Food - Ailynn/Chris/Misc if you know whose order it was
Checking ...0861,05/26/2026,UBER   *TRIP HELP.UBER.COM CA                05/24,-5.0,DEBIT_CARD,61380.52,Others,Expenses,R,"Rideshare or Venmo payment - no matching category, and Venmo recipient is unclear"
Checking ...0861,05/26/2026,UBER   *TRIP HELP.UBER.COM CA                05/24,-41.98,DEBIT_CARD,61385.52,Others,Expenses,R,"Rideshare or Venmo payment - no matching category, and Venmo recipient is unclear"
Checking ...0861,05/26/2026,GOLDEN NUGGET HOTEL LV 7023857111 NV         05/26,-51.98,DEBIT_CARD,61427.50,Food - Eat Out,Expenses,D,
Checking ...0861,05/26/2026,FREDDY'S 100-0001 BARSTOW CA                 05/23,-7.71,DEBIT_CARD,61479.48,Food - Eat Out,Expenses,D,Restaurant/fast-food - defaulted to Eat Out; move to Food - Ailynn/Chris/Misc if you know whose order it was
Checking ...0861,05/26/2026,CHEVRON 0371739 BAKERSFIELD CA               05/23,-30.62,DEBIT_CARD,61487.19,Gas,Expenses,D,
Checking ...0861,05/26/2026,CHEVRON 0357728 BAKERSFIELD CA               05/23,-13.36,DEBIT_CARD,61517.81,Gas,Expenses,D,
Checking ...0861,05/26/2026,CHEVRON 0092133 COALINGA CA                  05/23,-34.28,DEBIT_CARD,61531.17,Gas,Expenses,D,
Checking ...0861,05/26/2026,WM SUPERCENTER #5751 SALINAS CA              05/22,-18.55,DEBIT_CARD,61565.45,Groceries - Walmart,Expenses,H,
Checking ...0861,05/26/2026,TARGET T-0676 SALINAS CA                     05/22,-5.46,DEBIT_CARD,61584.00,Shop - Others,Expenses,D,
Checking ...0861,05/26/2026,TARGET T-0676 SALINAS CA                     05/22,-29.05,DEBIT_CARD,61589.46,Shop - Others,Expenses,D,
Checking ...0861,05/26/2026,MCDONALD'S F2428 SALINAS CA                  05/22,-40.8,DEBIT_CARD,61618.51,Food - Eat Out,Expenses,D,Restaurant/fast-food - defaulted to Eat Out; move to Food - Ailynn/Chris/Misc if you know whose order it was
Checking ...0861,05/26/2026,GOOGLE *Life360 Stay 855-836-3987 CA         05/23,-13.79,DEBIT_CARD,61659.31,Life 360,Monthly Bills,H,
Checking ...0861,05/26/2026,STARBUCKS 8007827282 800-782-7282 WA         05/22,-25.0,DEBIT_CARD,61673.10,Food - Eat Out,Expenses,D,Restaurant/fast-food - defaulted to Eat Out; move to Food - Ailynn/Chris/Misc if you know whose order it was
Checking ...0861,05/26/2026,KLARNA* KLARNA KLARNA.COM OH                 05/22,-17.64,DEBIT_CARD,61698.10,Klarna,Debt,H,
Checking ...0861,05/26/2026,LING NAM NOODLE HOUSE - DALY CITY CA         05/22,-42.43,DEBIT_CARD,61715.74,Food - Eat Out,Expenses,D,Restaurant/fast-food - defaulted to Eat Out; move to Food - Ailynn/Chris/Misc if you know whose order it was
Checking ...0861,05/26/2026,CAFE COLMA 650-7582237 CA                    05/21,-239.26,DEBIT_CARD,61758.17,Food - Eat Out,Expenses,D,Restaurant/fast-food - defaulted to Eat Out; move to Food - Ailynn/Chris/Misc if you know whose order it was
Checking ...0861,05/26/2026,Zelle payment from RHIAN ABIGAIL ALMO 29329235741,18.0,QUICKPAY_CREDIT,61997.43,Others - Income,Income,R,Zelle received - please tell me who this person is so I can map them to a category
Checking ...0861,05/26/2026,Zelle payment from RHIAN ABIGAIL ALMO 29367490138,28.1,QUICKPAY_CREDIT,61979.43,Others - Income,Income,R,Zelle received - please tell me who this person is so I can map them to a category
Checking ...0861,05/26/2026,AMAZON MARKETPLA ADJUSTMENT                 PPD ID: 9049016352,75.35,ACH_CREDIT,61951.33,Shop - Amazon returns,Expenses,H,
Checking ...0861,05/26/2026,Zelle payment from ANGELYNN FLORA PNCAA0aPw43Y,245.0,PARTNERFI_TO_CHASE,61875.98,Others - Income,Income,R,Zelle received - please tell me who this person is so I can map them to a category
Checking ...0861,05/22/2026,PAYPAL           TRANSFER   ADD TO BALANCE  WEB ID: PAYPALSD22,-50.0,ACH_DEBIT,61630.98,Transfer - Checking to PayPal,Transfer,H,
Checking ...0861,05/22/2026,SP+AFF * NORTH ALPINE 855-423-3729 CA        05/22,-17.43,DEBIT_CARD,61680.98,Shop - Others,Expenses,R,Small online-shop charge via an affiliate/Affirm-style processor - description doesn't name the actual store
Checking ...0861,05/22/2026,Online Transfer to  SAV ...5953 transaction#: 29226554480,-25.0,ACCT_XFER,61698.41,Transfer - Checking to Savings,Transfer,H,
Checking ...0861,05/22/2026,CSAA INSURANCE   BILLPAY                    PPD ID: 0000000160,-190.62,ACH_DEBIT,61723.41,Car insurance,Monthly Bills,H,
Checking ...0861,05/22/2026,PAYPAL *PYPL PAYIN4 402-935-7733 CA          05/22,-68.04,DEBIT_CARD,61914.03,Paypal pay in 4,Debt,H,
Checking ...0861,05/22/2026,Primo Water Corporatio Vista CA              05/22,-3.1,DEBIT_CARD,61982.07,Water,Expenses,H,
Checking ...0861,05/22/2026,EXXON SALINAS MAIN INC SALINAS CA            05/21,-83.39,DEBIT_CARD,61985.17,Gas,Expenses,D,
Checking ...0861,05/22/2026,ACME CAR WASH CO. SALINAS CA                 05/21,-22.99,DEBIT_CARD,62068.56,For Car,Expenses,D,
Checking ...0861,05/22/2026,THE UPS STORE 7054 831-7899400 CA            05/21,-20.07,DEBIT_CARD,62091.55,Others,Expenses,D,Shipping/postal
Checking ...0861,05/22/2026,Zelle payment from Katrina T Perez USB6O3ys85nk,28.74,PARTNERFI_TO_CHASE,62111.62,Others - Income,Income,R,Zelle received - please tell me who this person is so I can map them to a category
Checking ...0861,05/21/2026,STEVE'S FILIPINO ASIAN SALINAS CA            05/20,-42.49,DEBIT_CARD,62082.88,Groceries - Steves,Expenses,H,
Checking ...0861,05/21/2026,Primo Water Corporatio Vista CA              05/20,-3.1,DEBIT_CARD,62125.37,Water,Expenses,H,
Checking ...0861,05/21/2026,TAQUERIA VALLARTA FELTON CA                  05/20,-21.03,DEBIT_CARD,62128.47,Food - Eat Out,Expenses,D,Restaurant/fast-food - defaulted to Eat Out; move to Food - Ailynn/Chris/Misc if you know whose order it was
Checking ...0861,05/21/2026,DIAMOND DENTAL OF SALIN SALINAS CA           05/19,-100.0,DEBIT_CARD,62149.50,Medical,Expenses,H,
Checking ...0861,05/21/2026,Zelle payment from Alvin Anthony Alonzo USAT9EYMHOWR,102.0,PARTNERFI_TO_CHASE,62249.50,Others - Income,Income,R,Zelle received - please tell me who this person is so I can map them to a category
Checking ...0861,05/21/2026,Zelle payment from RHIAN ABIGAIL ALMO 29304080731,500.0,QUICKPAY_CREDIT,62147.50,Others - Income,Income,R,Zelle received - please tell me who this person is so I can map them to a category
Checking ...0861,05/20/2026,PAYPAL           PURCHASE   TIKTOK SHOP     WEB ID: PAYPALSI77,-35.34,ACH_DEBIT,61647.50,paypal tiktok,Expenses,H,
Checking ...0861,05/20/2026,WAL-MART #5751 SALINAS CA                    05/20,-18.5,DEBIT_CARD,61682.84,Groceries - Walmart,Expenses,H,
Checking ...0861,05/20/2026,SALINAS SINCLAI SALINAS CA                   05/19,-91.16,DEBIT_CARD,61701.34,Gas,Expenses,D,
Checking ...0861,05/20/2026,STARBUCKS 8007827282 800-782-7282 WA         05/20,-25.0,DEBIT_CARD,61792.50,Food - Eat Out,Expenses,D,Restaurant/fast-food - defaulted to Eat Out; move to Food - Ailynn/Chris/Misc if you know whose order it was
Checking ...0861,05/20/2026,TST* KLEINFELDT FAMILY SALINAS CA            05/20,-14.68,DEBIT_CARD,61817.50,Food - Eat Out,Expenses,D,
Checking ...0861,05/20/2026,TST* KLEINFELDT FAMILY SALINAS CA            05/20,-31.36,DEBIT_CARD,61832.18,Food - Eat Out,Expenses,D,
Checking ...0861,05/20/2026,SG*V*app.madmuscles Dover NV                 05/19,-25.99,DEBIT_CARD,61863.54,Food - Eat Out,Expenses,D,
Checking ...0861,05/20/2026,Zelle payment from HAROLD ALVARADO WFCT126NXR7F,270.0,PARTNERFI_TO_CHASE,61889.53,Others - Income,Income,R,Zelle received - please tell me who this person is so I can map them to a category
Checking ...0861,05/19/2026,PAYPAL           PURCHASE   LIBERTYAUTO     WEB ID: PAYPALSI77,-172.18,ACH_DEBIT,61619.53,Others,Expenses,R,"Subscription/purchase via PayPal (Apple, Etsy, Google apps, Lyft, AARP, etc.) - no matching category"
Checking ...0861,05/19/2026,SQ *POKE BAR Marina CA                       05/18,-26.57,DEBIT_CARD,61791.71,Food - Eat Out,Expenses,D,
Checking ...0861,05/19/2026,REI #113 MARINA MARINA CA                    05/18,-291.5,DEBIT_CARD,61818.28,Shop - Others,Expenses,D,
Checking ...0861,05/19/2026,Sendwave 844-9335122 MA                      05/18,-33.3,DEBIT_CARD,62109.78,Remittance - others,Expenses,R,"Remittance app transfer - recipient not shown; please tell me if this is Aron, Aron's tuition, or someone else"
Checking ...0861,05/19/2026,Zelle payment from KYLA MARIE TUAZON PEREZ 28887721903,100.0,QUICKPAY_CREDIT,62143.08,Others - Income,Income,R,Zelle received - please tell me who this person is so I can map them to a category
Checking ...0861,05/19/2026,PAYPAL           TRANSFER                   PPD ID: PAYPALSD11,1828.0,ACH_CREDIT,62043.08,Transfer - PayPal to Checking,Transfer,H,
Checking ...0861,05/18/2026,AFFIRM * PAY LL1JZCYR 855-423-3729 CA        05/18,-33.07,DEBIT_CARD,60215.08,Affirm,Debt,H,
Checking ...0861,05/18/2026,PAYPAL           PURCHASE   GOOGLE GOPRO    WEB ID: PAYPALSI77,-24.99,ACH_DEBIT,60248.15,Others,Expenses,R,"Subscription/purchase via PayPal (Apple, Etsy, Google apps, Lyft, AARP, etc.) - no matching category"
Checking ...0861,05/18/2026,PAYPAL           PURCHASE   TIKTOK SHOP     WEB ID: PAYPALSI77,-28.51,ACH_DEBIT,60273.14,paypal tiktok,Expenses,H,
Checking ...0861,05/18/2026,AFFIRM.COM PAYME AFFIRM.COM ST-W6J5I9Y9T2Y7 WEB ID: 1800948598,-98.59,ACH_DEBIT,60301.65,Affirm,Debt,H,
Checking ...0861,05/18/2026,AMAZON MARKETPLA INTERNET   043000093204446 WEB ID: 9049016352,-10.85,ACH_DEBIT,60400.24,Shop - Amazon,Expenses,H,
Checking ...0861,05/18/2026,AMAZON MARKETPLA INTERNET   043000092587912 WEB ID: 9049016352,-69.94,ACH_DEBIT,60411.09,Shop - Amazon,Expenses,H,
Checking ...0861,05/18/2026,CRAB BUCKET. SALINAS CA                      05/17,-52.65,DEBIT_CARD,60481.03,Food - Eat Out,Expenses,D,Restaurant/fast-food - defaulted to Eat Out; move to Food - Ailynn/Chris/Misc if you know whose order it was
Checking ...0861,05/18/2026,REI #113 MARINA MARINA CA                    05/17,-142.37,DEBIT_CARD,60533.68,Shop - Others,Expenses,D,
Checking ...0861,05/18/2026,Cinemark Marina CA                           05/17,-50.85,DEBIT_CARD,60676.05,Movie,Expenses,H,
Checking ...0861,05/18/2026,GIV*FIRST PRESBY 831-4227811 CA              05/17,-20.0,DEBIT_CARD,60726.90,Others,Expenses,H,"Recurring $20 church/charitable giving - no matching category in your list, put under Others"
Checking ...0861,05/18/2026,CINEMARK 449 RSTBAR Salinas CA               05/17,-45.3,DEBIT_CARD,60746.90,Movie,Expenses,H,
Checking ...0861,05/18/2026,MYSUBARU SUBSCRIPTION 800-782-2783 NJ        05/17,-274.4,DEBIT_CARD,60792.20,For Car,Expenses,H,
Checking ...0861,05/18/2026,SHS*SVHMC 831-649-1000 CA                    05/16,-28.5,DEBIT_CARD,61066.60,Medical,Expenses,H,
Checking ...0861,05/18/2026,SP ORIGINAL DEAL SHOP BRAMPTON ON            05/17,-43.31,DEBIT_CARD,61095.10,Shop - Others,Expenses,R,Small online-shop charge via an affiliate/Affirm-style processor - description doesn't name the actual store
Checking ...0861,05/18/2026,Zelle payment to Doris 2 JPM99chbjpus,-80.0,CHASE_TO_PARTNERFI,61138.41,Others,Expenses,R,Zelle sent - please tell me who this person is so I can map them to a category
Checking ...0861,05/18/2026,PLANET FITNESS S IClub Fees                 PPD ID: G710602737,-24.99,ACH_DEBIT,61218.41,Planet Fitness,Monthly Bills,H,
Checking ...0861,05/18/2026,HABIT SALINAS 306 SALINAS CA                 05/15,-13.86,DEBIT_CARD,61243.40,Food - Eat Out,Expenses,D,Restaurant/fast-food - defaulted to Eat Out; move to Food - Ailynn/Chris/Misc if you know whose order it was
Checking ...0861,05/18/2026,HABIT SALINAS 306 SALINAS CA                 05/15,-41.14,DEBIT_CARD,61257.26,Food - Eat Out,Expenses,D,Restaurant/fast-food - defaulted to Eat Out; move to Food - Ailynn/Chris/Misc if you know whose order it was
Checking ...0861,05/18/2026,Chua Tinsay  Vega AP San Francisco CA        05/16,-400.0,DEBIT_CARD,61298.40,Atty Chua,Monthly Bills,H,
Checking ...0861,05/18/2026,PAYPAL *TEMU 302-480-6118 CA                 05/16,-23.97,DEBIT_CARD,61698.40,Shop - Temu,Expenses,H,
Checking ...0861,05/18/2026,JOLLIBEE SAN JOSE CA                         05/13,-59.57,DEBIT_CARD,61722.37,Food - Eat Out,Expenses,D,Restaurant/fast-food - defaulted to Eat Out; move to Food - Ailynn/Chris/Misc if you know whose order it was
Checking ...0861,05/18/2026,Zelle payment from RHIAN ABIGAIL ALMO 29258057109,127.0,QUICKPAY_CREDIT,61781.94,Others - Income,Income,R,Zelle received - please tell me who this person is so I can map them to a category
Checking ...0861,05/18/2026,MYSUBARU SUBSCRIPTION 800-782-2783 NJ        05/17,198.09,DEBIT_CARD,61654.94,For Car,Expenses,H,
Checking ...0861,05/15/2026,CHECK,-7500.0,CHECK_PAID,61456.85,Others,Expenses,R,Paper check - payee not shown on the statement; please tell me who checks were written to
Checking ...0861,05/15/2026,PAYPAL           TRANSFER   ADD TO BALANCE  WEB ID: PAYPALSD22,-50.0,ACH_DEBIT,68956.85,Transfer - Checking to PayPal,Transfer,H,
Checking ...0861,05/15/2026,PAYPAL           PURCHASE   TIKTOK SHOP     WEB ID: PAYPALSI77,-98.97,ACH_DEBIT,69006.85,paypal tiktok,Expenses,H,
Checking ...0861,05/15/2026,Klarna* Klarna 151-7426184 DE                05/15,-22.45,DEBIT_CARD,69105.82,Klarna,Debt,H,
Checking ...0861,05/15/2026,SP+AFF* JDMUSCLE - 181 AFFIRM.COM CA         05/15,-30.14,DEBIT_CARD,69128.27,Affirm,Debt,H,
Checking ...0861,05/15/2026,Online Transfer to  SAV ...5953 transaction#: 29137526659,-25.0,ACCT_XFER,69158.41,Transfer - Checking to Savings,Transfer,H,
Checking ...0861,05/15/2026,AMAZON MARKETPLA INTERNET   043000098425146 WEB ID: 9049016352,-8.18,ACH_DEBIT,69183.41,Shop - Amazon,Expenses,H,
Checking ...0861,05/15/2026,AFFIRM.COM PAYME AFFIRM.COM ST-Z0M6W1I8U4X8 WEB ID: 1800948598,-17.06,ACH_DEBIT,69191.59,Affirm,Debt,H,
Checking ...0861,05/15/2026,Klarna*Temu.com Columbus OH                  05/15,-6.5,DEBIT_CARD,69208.65,Klarna,Debt,H,
Checking ...0861,05/15/2026,SP LIMITLESS-SC LIMITLESSSPEE PA             05/14,-20.67,DEBIT_CARD,69215.15,Shop - Others,Expenses,R,Small online-shop charge via an affiliate/Affirm-style processor - description doesn't name the actual store
Checking ...0861,05/15/2026,SP AFDOVERLAYS AEROFLOWDYNAM CA              05/14,-22.16,DEBIT_CARD,69235.82,Shop - Others,Expenses,R,Small online-shop charge via an affiliate/Affirm-style processor - description doesn't name the actual store
Checking ...0861,05/15/2026,SG*V*app.madmuscles Dover NV                 05/14,-0.99,DEBIT_CARD,69257.98,Food - Eat Out,Expenses,D,
Checking ...0861,05/15/2026,TAQUERIA VALLARTA FELTON CA                  05/14,-15.57,DEBIT_CARD,69258.97,Food - Eat Out,Expenses,D,Restaurant/fast-food - defaulted to Eat Out; move to Food - Ailynn/Chris/Misc if you know whose order it was
Checking ...0861,05/15/2026,PAYPAL *PYPL PAYIN4 402-935-7733 CA          05/14,-31.25,DEBIT_CARD,69274.54,Paypal pay in 4,Debt,H,
Checking ...0861,05/15/2026,MYSUBARU SUBSCRIPTION 800-782-2783 NJ        05/14,-198.82,DEBIT_CARD,69305.79,For Car,Expenses,H,
Checking ...0861,05/15/2026,SG*V*app.madmuscles Dover NV                 05/14,0.99,DEBIT_CARD,69504.61,Food - Eat Out,Expenses,D,
Checking ...0861,05/14/2026,CHECK 354,-2000.0,CHECK_PAID,69503.62,Others,Expenses,R,Paper check - payee not shown on the statement; please tell me who checks were written to
Checking ...0861,05/14/2026,AMAZON MARKETPLA INTERNET   043000097529326 WEB ID: 9049016352,-6.96,ACH_DEBIT,71503.62,Shop - Amazon,Expenses,H,
Checking ...0861,05/14/2026,AMAZON MARKETPLA INTERNET   043000097373138 WEB ID: 9049016352,-9.78,ACH_DEBIT,71510.58,Shop - Amazon,Expenses,H,
Checking ...0861,05/14/2026,AMAZON MARKETPLA INTERNET   043000097349400 WEB ID: 9049016352,-10.86,ACH_DEBIT,71520.36,Shop - Amazon,Expenses,H,
Checking ...0861,05/14/2026,AMAZON MARKETPLA INTERNET   043000097287732 WEB ID: 9049016352,-106.56,ACH_DEBIT,71531.22,Shop - Amazon,Expenses,H,
Checking ...0861,05/14/2026,WAL-MART #2458 SALINAS CA                    05/13,-12.26,DEBIT_CARD,71637.78,Groceries - Walmart,Expenses,H,
Checking ...0861,05/14/2026,85C BAKERY CAFE USA CUPERTINO CA             05/13,-10.8,DEBIT_CARD,71650.04,Food - Eat Out,Expenses,D,Restaurant/fast-food - defaulted to Eat Out; move to Food - Ailynn/Chris/Misc if you know whose order it was
Checking ...0861,05/14/2026,85C BAKERY CAFE USA CUPERTINO CA             05/13,-58.1,DEBIT_CARD,71660.84,Food - Eat Out,Expenses,D,Restaurant/fast-food - defaulted to Eat Out; move to Food - Ailynn/Chris/Misc if you know whose order it was
Checking ...0861,05/14/2026,theharnafit Dover DE                         05/14,-18.99,DEBIT_CARD,71718.94,Harna fit,Monthly Bills,H,
Checking ...0861,05/13/2026,STEVE'S FILIPINO ASIAN SALINAS CA    907772  05/13,-51.24,DEBIT_CARD,71737.93,Groceries - Steves,Expenses,H,
Checking ...0861,05/13/2026,AMAZON MARKETPLA INTERNET   043000096020566 WEB ID: 9049016352,-9.78,ACH_DEBIT,71789.17,Shop - Amazon,Expenses,H,
Checking ...0861,05/13/2026,AMAZON MARKETPLA INTERNET   043000096225162 WEB ID: 9049016352,-10.86,ACH_DEBIT,71798.95,Shop - Amazon,Expenses,H,
Checking ...0861,05/13/2026,DEPOSIT  ID NUMBER 790501,10000.0,DEPOSIT,71809.81,Others - Income,Income,R,Deposit/wire with unclear source
Checking ...0861,05/12/2026,Zelle payment to KYLE KROMER JPM99cgrh9g5,-280.0,CHASE_TO_PARTNERFI,61809.81,Others,Expenses,R,Zelle sent - please tell me who this person is so I can map them to a category
Checking ...0861,05/12/2026,Credit One Bank  Payment    46787452        WEB ID: WEB000004,-8.25,ACH_DEBIT,62089.81,CC - Credit 1,Debt,H,
Checking ...0861,05/12/2026,Credit One Bank  Payment    54888125        WEB ID: WEB000004,-13.5,ACH_DEBIT,62098.06,CC - Credit 1,Debt,H,
Checking ...0861,05/12/2026,OLLO CC          ONLINEPYMT 261290511155534 WEB ID: 9000002835,-392.12,ACH_DEBIT,62111.56,CC - Ollo,Debt,H,
Checking ...0861,05/12/2026,ASPIRE MC PMT    ePay       ASPIRE MC PMT   WEB ID: R582336689,-439.16,ACH_DEBIT,62503.68,CC - Aspire,Debt,H,
Checking ...0861,05/12/2026,"UPGRADE, INC.    PAYMENT    2N319G          WEB ID: 2812807376",-780.74,ACH_DEBIT,62942.84,Upgrade,Debt,H,
Checking ...0861,05/12/2026,"UPGRADE, INC.    PAYMENT    2N2VAM          WEB ID: 2812807376",-10010.03,ACH_DEBIT,63723.58,Upgrade,Debt,H,
Checking ...0861,05/12/2026,Primo Water Corporatio Vista CA              05/12,-3.1,DEBIT_CARD,73733.61,Water,Expenses,H,
Checking ...0861,05/12/2026,Primo Water Corporatio Vista CA              05/12,-3.1,DEBIT_CARD,73736.71,Water,Expenses,H,
Checking ...0861,05/12/2026,PAYPAL *PYPL PAYIN4 402-935-7733 CA          05/12,-71.63,DEBIT_CARD,73739.81,Paypal pay in 4,Debt,H,
Checking ...0861,05/11/2026,LIFE INS OF SW   XXXXXXXXXX                 PPD ID: 1954349000,-205.62,ACH_DEBIT,73811.44,National Life Ins,Monthly Bills,H,
Checking ...0861,05/11/2026,Zelle payment to RHIAN ALMO 29178666419,-88.0,QUICKPAY_DEBIT,74017.06,Others,Expenses,R,Zelle sent - please tell me who this person is so I can map them to a category
Checking ...0861,05/11/2026,AFTERPAY 185-52896014 CA                     05/11,-10.74,DEBIT_CARD,74105.06,Afterpay,Debt,H,
Checking ...0861,05/11/2026,ONEPAY CASHREWRD SYF PAYMNT 552315100369915 WEB ID: 9069872103,-1015.59,ACH_DEBIT,74115.80,CC - One Pay,Debt,H,
Checking ...0861,05/11/2026,CITI CARD ONLINE PAYMENT    422008517699374 WEB ID: CITICTP,-1347.59,ACH_DEBIT,75131.39,CC - Citibank,Debt,H,
Checking ...0861,05/11/2026,SP AEROFLOWDYNAMICS AEROFLOWDYNAM CA         05/11,-104.38,DEBIT_CARD,76478.98,Shop - Others,Expenses,R,Small online-shop charge via an affiliate/Affirm-style processor - description doesn't name the actual store
Checking ...0861,05/11/2026,SP AFDOVERLAYS AEROFLOWDYNAM CA              05/11,-24.32,DEBIT_CARD,76583.36,Shop - Others,Expenses,R,Small online-shop charge via an affiliate/Affirm-style processor - description doesn't name the actual store
Checking ...0861,05/11/2026,AMAZON MARKETPLA INTERNET   043000094328892 WEB ID: 9049016352,-43.49,ACH_DEBIT,76607.68,Shop - Amazon,Expenses,H,
Checking ...0861,05/11/2026,CAPITAL ONE      MOBILE PMT CA013ADE6D42AAE WEB ID: 9279744380,-1696.01,ACH_DEBIT,76651.17,CC - Capital 1,Debt,H,
Checking ...0861,05/11/2026,PAYPAL           INST XFER  CREDIT REPAYMEN WEB ID: PAYPALSI77,-3928.11,ACH_DEBIT,78347.18,Others,Expenses,R,
Checking ...0861,05/11/2026,BARCLAYCARD US   CREDITCARD 1411807189      WEB ID: 2510407970,-4550.02,ACH_DEBIT,82275.29,CC - Frontier card,Debt,R,"Barclaycard - assumed this is the Frontier Airlines card, please confirm"
Checking ...0861,05/11/2026,PAYPAL           INST XFER  PPCR CC REPAYME WEB ID: PAYPALSI77,-8768.01,ACH_DEBIT,86825.31,CC - paypal,Debt,H,
Checking ...0861,05/11/2026,Klarna*wheeltop.us Columbus OH               05/11,-66.35,DEBIT_CARD,95593.32,Klarna,Debt,H,
Checking ...0861,05/11/2026,MCDONALD'S F10887 SALINAS CA                 05/10,-21.61,DEBIT_CARD,95659.67,Food - Eat Out,Expenses,D,Restaurant/fast-food - defaulted to Eat Out; move to Food - Ailynn/Chris/Misc if you know whose order it was
Checking ...0861,05/11/2026,SHELL SERVICE STATION SALINAS CA     290322  05/10,-96.39,DEBIT_CARD,95681.28,Gas,Expenses,D,
Checking ...0861,05/11/2026,GIV*FIRST PRESBY 831-4227811 CA              05/10,-20.0,DEBIT_CARD,95777.67,Others,Expenses,H,"Recurring $20 church/charitable giving - no matching category in your list, put under Others"
Checking ...0861,05/11/2026,WINGSTOP 2088 650-019-7954 CA                05/09,-53.55,DEBIT_CARD,95797.67,Food - Eat Out,Expenses,D,Restaurant/fast-food - defaulted to Eat Out; move to Food - Ailynn/Chris/Misc if you know whose order it was
Checking ...0861,05/11/2026,SAFEWAY #2654 SALINAS CA                     05/09,-230.13,DEBIT_CARD,95851.22,Groceries - Safeway,Expenses,H,
Checking ...0861,05/11/2026,SQ *LOPEZ FINE WINES CORRAL DE TIE CA        05/09,-15.26,DEBIT_CARD,96081.35,Food - Eat Out,Expenses,D,
Checking ...0861,05/11/2026,GOOGLE *HARNA Workout 855-836-3987 CA        05/09,-14.99,DEBIT_CARD,96096.61,Harna fit,Monthly Bills,H,
Checking ...0861,05/11/2026,Payment to Chase card ending in 1755 05/11,-409.5,LOAN_PMT,96111.60,CC - cashback MC,Debt,R,"Payment to a Chase card ending 1755 - guessed this is the cashback Mastercard, please confirm"
Checking ...0861,05/11/2026,Klarna*Temu.com Columbus OH                  05/09,-9.15,DEBIT_CARD,96521.10,Klarna,Debt,H,
Checking ...0861,05/11/2026,temu.com temu.com CA                         05/09,-19.52,DEBIT_CARD,96530.25,Shop - Temu,Expenses,H,
Checking ...0861,05/11/2026,BARCLAYCARD US   CREDITCARD 1401510794      WEB ID: 2510407970,-94.78,ACH_DEBIT,96549.77,CC - Frontier card,Debt,R,"Barclaycard - assumed this is the Frontier Airlines card, please confirm"
Checking ...0861,05/11/2026,HABIT SALINAS 306 SALINAS CA                 05/08,-13.43,DEBIT_CARD,96644.55,Food - Eat Out,Expenses,D,Restaurant/fast-food - defaulted to Eat Out; move to Food - Ailynn/Chris/Misc if you know whose order it was
Checking ...0861,05/11/2026,HABIT SALINAS 306 SALINAS CA                 05/08,-33.83,DEBIT_CARD,96657.98,Food - Eat Out,Expenses,D,Restaurant/fast-food - defaulted to Eat Out; move to Food - Ailynn/Chris/Misc if you know whose order it was
Checking ...0861,05/11/2026,MARATHON 253971 SALINAS CA                   05/08,-15.14,DEBIT_CARD,96691.81,Gas,Expenses,D,
Checking ...0861,05/11/2026,LA SALON AND SPA SALINAS CA                  05/08,-25.0,DEBIT_CARD,96706.95,Shop - Others,Expenses,D,
Checking ...0861,05/11/2026,PAYPAL           TRANSFER                   PPD ID: PAYPALSD11,137.82,ACH_CREDIT,96731.95,Transfer - PayPal to Checking,Transfer,H,
Checking ...0861,05/11/2026,UNITED PARCEL SE PAYROLL                    PPD ID: 4362407381,94123.08,ACH_CREDIT,96594.13,Key Salary,Income,R,"UPS payroll deposit - assumed this is your own Key Salary income, please confirm"
Checking ...0861,05/08/2026,PAYPAL           TRANSFER   ADD TO BALANCE  WEB ID: PAYPALSD22,-50.0,ACH_DEBIT,2471.05,Transfer - Checking to PayPal,Transfer,H,
Checking ...0861,05/08/2026,KLARNA* KLARNA KLARNA.COM OH                 05/08,-17.64,DEBIT_CARD,2521.05,Klarna,Debt,H,
Checking ...0861,05/08/2026,SP+AFF * NORTH ALPINE 855-423-3729 CA        05/08,-17.44,DEBIT_CARD,2538.69,Shop - Others,Expenses,R,Small online-shop charge via an affiliate/Affirm-style processor - description doesn't name the actual store
Checking ...0861,05/08/2026,Online Transfer to  SAV ...5953 transaction#: 29039931319,-25.0,ACCT_XFER,2556.13,Transfer - Checking to Savings,Transfer,H,
Checking ...0861,05/08/2026,Netflix 1 8445052993 CA                      05/08,-29.98,DEBIT_CARD,2581.13,Netflix,Monthly Bills,H,
Checking ...0861,05/08/2026,KHAO SAN THAI SALINAS CA                     05/07,-58.34,DEBIT_CARD,2611.11,Food - Eat Out,Expenses,D,Restaurant/fast-food - defaulted to Eat Out; move to Food - Ailynn/Chris/Misc if you know whose order it was
Checking ...0861,05/08/2026,PAYPAL *ALIPAYUSINC 402-935-7733 CA          05/08,-20.56,DEBIT_CARD,2669.45,paypal - Alipay,Debt,H,
Checking ...0861,05/08/2026,Zelle payment from RHIAN ABIGAIL ALMO 29148483142,16.0,QUICKPAY_CREDIT,2690.01,Others - Income,Income,R,Zelle received - please tell me who this person is so I can map them to a category
Checking ...0861,05/07/2026,TAQUERIA VALLARTA FELTON CA                  05/07,-31.96,DEBIT_CARD,2674.01,Food - Eat Out,Expenses,D,Restaurant/fast-food - defaulted to Eat Out; move to Food - Ailynn/Chris/Misc if you know whose order it was
Checking ...0861,05/07/2026,Sendwave 844-9335122 MA                      05/07,-18.48,DEBIT_CARD,2705.97,Remittance - others,Expenses,R,"Remittance app transfer - recipient not shown; please tell me if this is Aron, Aron's tuition, or someone else"
Checking ...0861,05/07/2026,CALWATER SERVICE BILLPAY                    PPD ID: 0000000160,-45.53,ACH_DEBIT,2724.45,Cal Water,Monthly Bills,H,
Checking ...0861,05/07/2026,AMAZON MARKETPLA INTERNET   043000098680270 WEB ID: 9049016352,-75.35,ACH_DEBIT,2769.98,Shop - Amazon,Expenses,H,
Checking ...0861,05/07/2026,Credit One Bank  Payment    54888125        WEB ID: WEB000004,-50.0,ACH_DEBIT,2845.33,CC - Credit 1,Debt,H,
Checking ...0861,05/07/2026,PAYPAL *PYPL PAYIN4 402-935-7733 CA          05/07,-68.04,DEBIT_CARD,2895.33,Paypal pay in 4,Debt,H,
Checking ...0861,05/07/2026,THE UPS STORE 658 831-4435800 CA             05/06,-33.07,DEBIT_CARD,2963.37,Others,Expenses,D,Shipping/postal
Checking ...0861,05/07/2026,ARBY'S #898 SALINAS CA                       05/06,-20.49,DEBIT_CARD,2996.44,Food - Eat Out,Expenses,D,Restaurant/fast-food - defaulted to Eat Out; move to Food - Ailynn/Chris/Misc if you know whose order it was
Checking ...0861,05/07/2026,PAYPAL *ALIPAYUSINC 402-935-7733 CA          05/06,3.25,DEBIT_CARD,3016.93,paypal - Alipay,Debt,H,
Checking ...0861,05/06/2026,Zelle payment to Dennis Chua JPM99cg0qv3q,-675.0,CHASE_TO_PARTNERFI,3013.68,Others,Expenses,R,Zelle sent - please tell me who this person is so I can map them to a category
Checking ...0861,05/06/2026,Zelle payment to RHIAN ALMO 29112878041,-11.0,QUICKPAY_DEBIT,3688.68,Others,Expenses,R,Zelle sent - please tell me who this person is so I can map them to a category
Checking ...0861,05/06/2026,AUTOPMT ASPIREMC PAYMENT                    PPD ID: L582336689,-38.64,ACH_DEBIT,3699.68,CC - Aspire,Debt,H,
Checking ...0861,05/06/2026,MCDONALD'S F2428 SALINAS CA                  05/05,-37.34,DEBIT_CARD,3738.32,Food - Eat Out,Expenses,D,Restaurant/fast-food - defaulted to Eat Out; move to Food - Ailynn/Chris/Misc if you know whose order it was
Checking ...0861,05/06/2026,MCDONALD'S F2428 SALINAS CA                  05/05,-32.63,DEBIT_CARD,3775.66,Food - Eat Out,Expenses,D,Restaurant/fast-food - defaulted to Eat Out; move to Food - Ailynn/Chris/Misc if you know whose order it was
Checking ...0861,05/06/2026,SALINAS LIQUIDATIONS SALINAS CA              05/04,-22.88,DEBIT_CARD,3808.29,Shop - Others,Expenses,D,
Checking ...0861,05/05/2026,Zelle payment to IVORY JANINE MORALES JPM99cfw429i,-50.0,CHASE_TO_PARTNERFI,3831.17,Others,Expenses,R,Zelle sent - please tell me who this person is so I can map them to a category
Checking ...0861,05/05/2026,OLLO CC          ONLINEPYMT 261240506511285 WEB ID: 9000002835,-27.0,ACH_DEBIT,3881.17,CC - Ollo,Debt,H,
Checking ...0861,05/05/2026,CAPITAL ONE AUTO CARPAY     CP0E59AA93D607B WEB ID: 9541719806,-709.9,ACH_DEBIT,3908.17,Car payment,Monthly Bills,H,
Checking ...0861,05/05/2026,AMAZON PRIME*HD0210C Amzn.com/bill WA        05/05,-16.3,DEBIT_CARD,4618.07,Amazon Prime,Monthly Bills,H,
Checking ...0861,05/05/2026,Zelle payment to IVORY JANINE MORALES JPM99cfta4bw,-2000.0,CHASE_TO_PARTNERFI,4634.37,Others,Expenses,R,Zelle sent - please tell me who this person is so I can map them to a category
Checking ...0861,05/05/2026,Zelle payment from MARIA BRAVO NAV0K5PMR8LK,40.0,PARTNERFI_TO_CHASE,6634.37,Others - Income,Income,R,Zelle received - please tell me who this person is so I can map them to a category
Checking ...0861,05/05/2026,PAYPAL           TRANSFER                   PPD ID: PAYPALSD11,1828.0,ACH_CREDIT,6594.37,Transfer - PayPal to Checking,Transfer,H,
Checking ...0861,05/05/2026,REMOTE ONLINE DEPOSIT #          1,11.05,CHECK_DEPOSIT,4766.37,Others - Income,Income,R,Deposit/wire with unclear source
Checking ...0861,05/04/2026,CHECK 353,-500.0,CHECK_PAID,4755.32,Others,Expenses,R,Paper check - payee not shown on the statement; please tell me who checks were written to
Checking ...0861,05/04/2026,PAYPAL           TRANSFER   ADD TO BALANCE  WEB ID: PAYPALSD22,-2000.0,ACH_DEBIT,5255.32,Transfer - Checking to PayPal,Transfer,H,
Checking ...0861,05/04/2026,LACOSTE #478 GILROY 83 GILROY CA             05/04,-138.84,DEBIT_CARD,7255.32,Shop - Others,Expenses,D,
Checking ...0861,05/04/2026,SP+AFF * AOOACALIPERC 855-423-3729 CA        05/04,-53.55,DEBIT_CARD,7394.16,Shop - Others,Expenses,R,Small online-shop charge via an affiliate/Affirm-style processor - description doesn't name the actual store
Checking ...0861,05/04/2026,PREMIER BANKCARD AUTOPAY    G     338557230 WEB ID: 2470535472,-6.31,ACH_DEBIT,7447.71,CC - FPB,Debt,H,
Checking ...0861,05/04/2026,Amazon.com*BJ7KC0U31 AMZN.COM/BILL WA        05/04,-46.66,DEBIT_CARD,7454.02,Shop - Amazon,Expenses,H,
Checking ...0861,05/04/2026,Online Payment 29077253828 To PACIFIC GAS & ELECTRIC (PG&E) 05/04,-195.18,BILLPAY,7500.68,PGE,Monthly Bills,H,
Checking ...0861,05/04/2026,GIV*FIRST PRESBY 831-4227811 CA              05/03,-20.0,DEBIT_CARD,7695.86,Others,Expenses,H,"Recurring $20 church/charitable giving - no matching category in your list, put under Others"
Checking ...0861,05/04/2026,AFFIRM.COM PAYMENTS AFFIRM.COM CA            05/02,-33.07,DEBIT_CARD,7715.86,Affirm,Debt,H,
Checking ...0861,05/04/2026,STEVE'S FILIPINO ASIAN SALINAS CA    908852  05/02,-42.79,DEBIT_CARD,7748.93,Groceries - Steves,Expenses,H,
Checking ...0861,05/04/2026,WM SUPERCENTER #2458 SALINAS CA              05/02,-104.03,DEBIT_CARD,7791.72,Groceries - Walmart,Expenses,H,
Checking ...0861,05/04/2026,THE UPS STORE 658 831-4435800 CA             05/02,-31.01,DEBIT_CARD,7895.75,Others,Expenses,D,Shipping/postal
Checking ...0861,05/04/2026,SQ *THE MOCHI DONUT SHO Daly City CA         05/01,-189.58,DEBIT_CARD,7926.76,Food - Eat Out,Expenses,D,Restaurant/fast-food - defaulted to Eat Out; move to Food - Ailynn/Chris/Misc if you know whose order it was
Checking ...0861,05/04/2026,SHELL OIL 10010249000 GILROY CA              05/01,-68.49,DEBIT_CARD,8116.34,Gas,Expenses,D,
Checking ...0861,05/04/2026,STARBUCKS 8007827282 800-782-7282 WA         05/01,-20.0,DEBIT_CARD,8184.83,Food - Eat Out,Expenses,D,Restaurant/fast-food - defaulted to Eat Out; move to Food - Ailynn/Chris/Misc if you know whose order it was
Checking ...0861,05/04/2026,Primo Water Corporatio Vista CA              05/01,-3.1,DEBIT_CARD,8204.83,Water,Expenses,H,
Checking ...0861,05/04/2026,Primo Water Corporatio Vista CA              05/01,-3.1,DEBIT_CARD,8207.93,Water,Expenses,H,
Checking ...0861,05/04/2026,Zelle payment from MARIA BRAVO NAV0K5NKOSBR,2000.0,PARTNERFI_TO_CHASE,8211.03,Others - Income,Income,R,Zelle received - please tell me who this person is so I can map them to a category
Checking ...0861,05/04/2026,EBAY COMMERCE INC. SAN JOSE CA               04/10,81.39,DEBIT_CARD,6211.03,Shop - Others,Expenses,D,
Checking ...0861,05/01/2026,PAYPAL           PURCHASE   TIKTOK SHOP     WEB ID: PAYPALSI77,-19.8,ACH_DEBIT,6129.64,paypal tiktok,Expenses,H,
Checking ...0861,05/01/2026,PAYPAL           TRANSFER   ADD TO BALANCE  WEB ID: PAYPALSD22,-50.0,ACH_DEBIT,6149.44,Transfer - Checking to PayPal,Transfer,H,
Checking ...0861,05/01/2026,PAYPAL           PURCHASE   TIKTOK SHOP     WEB ID: PAYPALSI77,-21.96,ACH_DEBIT,6199.44,paypal tiktok,Expenses,H,
Checking ...0861,05/01/2026,PAYPAL           PURCHASE   TIKTOK SHOP     WEB ID: PAYPALSI77,-31.03,ACH_DEBIT,6221.40,paypal tiktok,Expenses,H,
Checking ...0861,05/01/2026,Online Transfer to  SAV ...5953 transaction#: 28947894321,-25.0,ACCT_XFER,6252.43,Transfer - Checking to Savings,Transfer,H,
Checking ...0861,05/01/2026,AMAZON MARKETPLA INTERNET   043000091828766 WEB ID: 9049016352,-15.49,ACH_DEBIT,6277.43,Shop - Amazon,Expenses,H,
Checking ...0861,05/01/2026,THE UPS STORE 7054 831-7899400 CA            04/30,-29.91,DEBIT_CARD,6292.92,Others,Expenses,D,Shipping/postal
Checking ...0861,05/01/2026,TEAMSTERS        PAYMENTS                   PPD ID: 3046100016,4279.18,ACH_CREDIT,6322.83,Chris - Pension,Income,R,"Recurring ~$4,275 credit - assumed this is Chris' Teamsters pension, please confirm"
